vacancies_count,id,vacancies_url,name
447,57770,https://api.hh.ru/vacancies?employer_id=57770&locale=RU,Мария-Ра
154,91926,https://api.hh.ru/vacancies?employer_id=91926&locale=RU,НОВЭКС
100,4147911,https://api.hh.ru/vacancies?employer_id=4147911&locale=RU,Подразделение ООО БММ г. Барнаул
93,1916194,https://api.hh.ru/vacancies?employer_id=1916194&locale=RU,Сеть магазинов Дальнобойщик
87,69789,https://api.hh.ru/vacancies?employer_id=69789&locale=RU,"АНИКС, Торговый Двор"
75,2240630,https://api.hh.ru/vacancies?employer_id=2240630&locale=RU,ГлавПро Федеральный институт повышения квалификации
70,185727,https://api.hh.ru/vacancies?employer_id=185727&locale=RU,Сибэнергомаш-БКЗ
69,872840,https://api.hh.ru/vacancies?employer_id=872840&locale=RU,Компания РОСА
69,1154208,https://api.hh.ru/vacancies?employer_id=1154208&locale=RU,Барнаултрансмаш
67,1118374,https://api.hh.ru/vacancies?employer_id=1118374&locale=RU,Гриль №1
66,1106206,https://api.hh.ru/vacancies?employer_id=1106206&locale=RU,Сетевая компания Алтайкрайэнерго
62,2366606,https://api.hh.ru/vacancies?employer_id=2366606&locale=RU,ГК Союз
62,2928621,https://api.hh.ru/vacancies?employer_id=2928621&locale=RU,КГБУЗ ККБСМП №2
59,1092912,https://api.hh.ru/vacancies?employer_id=1092912&locale=RU,АЛТ АВТО
54,558077,https://api.hh.ru/vacancies?employer_id=558077&locale=RU,"Киприно, Производственный холдинг"
54,618792,https://api.hh.ru/vacancies?employer_id=618792&locale=RU,Барнаульский молочный комбинат
54,10605371,https://api.hh.ru/vacancies?employer_id=10605371&locale=RU,Центр занятости населения по городу Барнаулу
53,812783,https://api.hh.ru/vacancies?employer_id=812783&locale=RU,Алтайский Шинный комбинат
53,5865076,https://api.hh.ru/vacancies?employer_id=5865076&locale=RU,Приоритет
51,620502,https://api.hh.ru/vacancies?employer_id=620502&locale=RU,Крупнейший дистрибьютор продуктов питания в Алтайском крае
46,582476,https://api.hh.ru/vacancies?employer_id=582476&locale=RU,"Альтерра, ТГ"
44,3766627,https://api.hh.ru/vacancies?employer_id=3766627&locale=RU,КГБУЗ Алтайский краевой онкологический диспансер
42,832948,https://api.hh.ru/vacancies?employer_id=832948&locale=RU,Хлебокомбинат Алтайские Закрома
42,9017440,https://api.hh.ru/vacancies?employer_id=9017440&locale=RU,КГБУЗ Краевая стоматологическая поликлиника
41,3353269,https://api.hh.ru/vacancies?employer_id=3353269&locale=RU,Алтайские Карьеры
40,1193692,https://api.hh.ru/vacancies?employer_id=1193692&locale=RU,Алтайхлеб
37,622522,https://api.hh.ru/vacancies?employer_id=622522&locale=RU,"Барнаульский станкостроительный завод, Промышленная группа"
35,1053646,https://api.hh.ru/vacancies?employer_id=1053646&locale=RU,"Makk, ТД Автохит"
35,1158890,https://api.hh.ru/vacancies?employer_id=1158890&locale=RU,Комбинат Русский хлеб
34,3162601,https://api.hh.ru/vacancies?employer_id=3162601&locale=RU,АСКО-МЕД-ПЛЮС
34,3576403,https://api.hh.ru/vacancies?employer_id=3576403&locale=RU,"Алтайлес, Лесная холдинговая компания"
34,4367062,https://api.hh.ru/vacancies?employer_id=4367062&locale=RU,Персона
34,10866101,https://api.hh.ru/vacancies?employer_id=10866101&locale=RU,Рогачевская Наталья Сергеевна
32,703818,https://api.hh.ru/vacancies?employer_id=703818&locale=RU,Барнаульский пивоваренный завод
32,2040069,https://api.hh.ru/vacancies?employer_id=2040069&locale=RU,Барнаульский завод механических прессов
32,4616585,https://api.hh.ru/vacancies?employer_id=4616585&locale=RU,Алтайбурмаш
32,9540231,https://api.hh.ru/vacancies?employer_id=9540231&locale=RU,Рестораны Грильница (Правообладатель ИП Иванов Евгений Дмитриевич)
31,201522,https://api.hh.ru/vacancies?employer_id=201522&locale=RU,ТСК Автомобильный
31,3265508,https://api.hh.ru/vacancies?employer_id=3265508&locale=RU,БЗКО Энергия
31,3329483,https://api.hh.ru/vacancies?employer_id=3329483&locale=RU,КГБУЗ Алтайский краевой клинический перинатальный центр
30,3477630,https://api.hh.ru/vacancies?employer_id=3477630&locale=RU,ПРОИЗВОДСТВЕННОЕ ОБЪЕДИНЕНИЕ МЕЖРЕГИОНЭНЕРГОСЕРВИС
29,240193,https://api.hh.ru/vacancies?employer_id=240193&locale=RU,Жираф
29,1152116,https://api.hh.ru/vacancies?employer_id=1152116&locale=RU,Барнаульский водоканал
29,1637211,https://api.hh.ru/vacancies?employer_id=1637211&locale=RU,МЕШКОГРАД
29,2736508,https://api.hh.ru/vacancies?employer_id=2736508&locale=RU,Горизонт
28,1220497,https://api.hh.ru/vacancies?employer_id=1220497&locale=RU,КГБУЗ Консультативно-Диагностический Центр Алтайского Края
28,6107800,https://api.hh.ru/vacancies?employer_id=6107800&locale=RU,Нечаева Мария Васильевна
27,4987948,https://api.hh.ru/vacancies?employer_id=4987948&locale=RU,ГУ МВД России по Алтайскому краю
27,9394986,https://api.hh.ru/vacancies?employer_id=9394986&locale=RU,Проскуряков Иван Константинович
26,3687902,https://api.hh.ru/vacancies?employer_id=3687902&locale=RU,КГБУЗ Алтайский Краевой Клинический Центр Охраны Материнства и Детства
25,1893791,https://api.hh.ru/vacancies?employer_id=1893791&locale=RU,Русский холод
25,3301075,https://api.hh.ru/vacancies?employer_id=3301075&locale=RU,Агентство недвижимости Династия 24
25,5002264,https://api.hh.ru/vacancies?employer_id=5002264&locale=RU,Приобские Сети
25,9881223,https://api.hh.ru/vacancies?employer_id=9881223&locale=RU,УК Алтайский завод прецизионных изделий
24,1286070,https://api.hh.ru/vacancies?employer_id=1286070&locale=RU,Алтайкрайгазсервис
23,3830447,https://api.hh.ru/vacancies?employer_id=3830447&locale=RU,АПЗ Ротор
22,694315,https://api.hh.ru/vacancies?employer_id=694315&locale=RU,"Арсенал, сеть строительных супермаркетов"
22,974825,https://api.hh.ru/vacancies?employer_id=974825&locale=RU,АГФЗ
22,10152345,https://api.hh.ru/vacancies?employer_id=10152345&locale=RU,Лэнд
22,10331644,https://api.hh.ru/vacancies?employer_id=10331644&locale=RU,Сатурн Сибирь (обособленное подразделение г.Барнаул)
21,946860,https://api.hh.ru/vacancies?employer_id=946860&locale=RU,Персона Грата
21,1967478,https://api.hh.ru/vacancies?employer_id=1967478&locale=RU,Здоровое поколение
21,2135285,https://api.hh.ru/vacancies?employer_id=2135285&locale=RU,Барнаульский завод АТИ
21,2603762,https://api.hh.ru/vacancies?employer_id=2603762&locale=RU,Конти
21,2622578,https://api.hh.ru/vacancies?employer_id=2622578&locale=RU,Альянс
21,3612731,https://api.hh.ru/vacancies?employer_id=3612731&locale=RU,Верхаус
21,9630051,https://api.hh.ru/vacancies?employer_id=9630051&locale=RU,Интерполе
21,10856004,https://api.hh.ru/vacancies?employer_id=10856004&locale=RU,Хвоя
21,11293632,https://api.hh.ru/vacancies?employer_id=11293632&locale=RU,Березина Валерия Валериевна
20,988040,https://api.hh.ru/vacancies?employer_id=988040&locale=RU,Барнаульская Горэлектросеть
20,1057667,https://api.hh.ru/vacancies?employer_id=1057667&locale=RU,Санаторий Обские плёсы
20,3891112,https://api.hh.ru/vacancies?employer_id=3891112&locale=RU,Администрация Города Барнаула Алтайского Края
20,11738294,https://api.hh.ru/vacancies?employer_id=11738294&locale=RU,Данченко Антон Олегович
19,611050,https://api.hh.ru/vacancies?employer_id=611050&locale=RU,ASM GROUP
19,852981,https://api.hh.ru/vacancies?employer_id=852981&locale=RU,Компаньон
19,1018414,https://api.hh.ru/vacancies?employer_id=1018414&locale=RU,КГБУ Санаторий Обь
19,1080705,https://api.hh.ru/vacancies?employer_id=1080705&locale=RU,IVANOR (Иванор)
19,1859548,https://api.hh.ru/vacancies?employer_id=1859548&locale=RU,Три слона
19,2140283,https://api.hh.ru/vacancies?employer_id=2140283&locale=RU,Сеть стоматологических клиник СемьяДент
19,10017135,https://api.hh.ru/vacancies?employer_id=10017135&locale=RU,НПП АЗПОМ НГК
18,1490605,https://api.hh.ru/vacancies?employer_id=1490605&locale=RU,НК «Роснефть»-Алтайнефтепродукт
18,2134908,https://api.hh.ru/vacancies?employer_id=2134908&locale=RU,Подкова/ТТ
18,2529692,https://api.hh.ru/vacancies?employer_id=2529692&locale=RU,Анитим
18,2676358,https://api.hh.ru/vacancies?employer_id=2676358&locale=RU,АЗСМ
18,3484703,https://api.hh.ru/vacancies?employer_id=3484703&locale=RU,Милана
18,3572793,https://api.hh.ru/vacancies?employer_id=3572793&locale=RU,Бродич
17,1875060,https://api.hh.ru/vacancies?employer_id=1875060&locale=RU,Телефоника
17,4141580,https://api.hh.ru/vacancies?employer_id=4141580&locale=RU,Алтайский завод агрегатов
17,4614042,https://api.hh.ru/vacancies?employer_id=4614042&locale=RU,КГБУЗ Алтайский краевой наркологический диспансер
17,6175060,https://api.hh.ru/vacancies?employer_id=6175060&locale=RU,Студия балета и растяжки LEVITA (ИП Мартияненко Николай Дмитриевич)
16,1014495,https://api.hh.ru/vacancies?employer_id=1014495&locale=RU,АКТО
16,1313601,https://api.hh.ru/vacancies?employer_id=1313601&locale=RU,Сафари — фитнес-клуб
16,2721844,https://api.hh.ru/vacancies?employer_id=2721844&locale=RU,Априори (ООО Олимп)
16,2897019,https://api.hh.ru/vacancies?employer_id=2897019&locale=RU,ФЛОРИС
16,4245279,https://api.hh.ru/vacancies?employer_id=4245279&locale=RU,КГБУЗ Детская городская клиническая больница № 7
16,5924674,https://api.hh.ru/vacancies?employer_id=5924674&locale=RU,Алтайские мастера
15,3177519,https://api.hh.ru/vacancies?employer_id=3177519&locale=RU,АПС Групп
15,4495148,https://api.hh.ru/vacancies?employer_id=4495148&locale=RU,СМГ
15,9788860,https://api.hh.ru/vacancies?employer_id=9788860&locale=RU,Самолет Плюс (ООО Перспектива24-Барнаул)
14,1057348,https://api.hh.ru/vacancies?employer_id=1057348&locale=RU,Центр гигиены и эпидемиологии в Алтайском крае
14,1138419,https://api.hh.ru/vacancies?employer_id=1138419&locale=RU,Триера
14,1935809,https://api.hh.ru/vacancies?employer_id=1935809&locale=RU,Рикон
14,2240557,https://api.hh.ru/vacancies?employer_id=2240557&locale=RU,БОЛЬШОЙ
14,2436623,https://api.hh.ru/vacancies?employer_id=2436623&locale=RU,Горно-Алтайск Нефтепродукт
14,3466884,https://api.hh.ru/vacancies?employer_id=3466884&locale=RU,Управление Железобетонные Изделия-100
14,4136906,https://api.hh.ru/vacancies?employer_id=4136906&locale=RU,ФГБОУ ВО Алтайский государственный университет
14,4412901,https://api.hh.ru/vacancies?employer_id=4412901&locale=RU,Чисто Дом
13,733993,https://api.hh.ru/vacancies?employer_id=733993&locale=RU,ПК Геркулес
13,907316,https://api.hh.ru/vacancies?employer_id=907316&locale=RU,"ЗДРАВГОРОД, Медицинский центр"
13,1039934,https://api.hh.ru/vacancies?employer_id=1039934&locale=RU,НТЦ Галэкс
13,2863775,https://api.hh.ru/vacancies?employer_id=2863775&locale=RU,КГБУЗ Краевой кожно-венерологический диспансер
13,2941811,https://api.hh.ru/vacancies?employer_id=2941811&locale=RU,Сервисмаркет
13,3661296,https://api.hh.ru/vacancies?employer_id=3661296&locale=RU,Сибирская Семечка
13,3674075,https://api.hh.ru/vacancies?employer_id=3674075&locale=RU,Стройконсалта
13,4854057,https://api.hh.ru/vacancies?employer_id=4854057&locale=RU,Производственная Компания Агро-Индустрия
13,10815980,https://api.hh.ru/vacancies?employer_id=10815980&locale=RU,Молоканова Анна Владимировна
12,1091647,https://api.hh.ru/vacancies?employer_id=1091647&locale=RU,Барнаульская водяная компания (ТМ Легенда жизни)
12,1157068,https://api.hh.ru/vacancies?employer_id=1157068&locale=RU,Фармгрупп
12,1220630,https://api.hh.ru/vacancies?employer_id=1220630&locale=RU,Техком-Автоматика
12,1538292,https://api.hh.ru/vacancies?employer_id=1538292&locale=RU,БКЖБИ № 1 им. В.И.Мудрика
12,1651992,https://api.hh.ru/vacancies?employer_id=1651992&locale=RU,Инстрой
12,1722479,https://api.hh.ru/vacancies?employer_id=1722479&locale=RU,Свик
12,2212203,https://api.hh.ru/vacancies?employer_id=2212203&locale=RU,Техресурс - Алтай
12,3960612,https://api.hh.ru/vacancies?employer_id=3960612&locale=RU,КГБУЗ Алтайский Краевой Кардиологический Диспансер
11,178937,https://api.hh.ru/vacancies?employer_id=178937&locale=RU,Алтайские колбасы (ТМ Барнаульский пищевик)
11,232984,https://api.hh.ru/vacancies?employer_id=232984&locale=RU,Филиал ПАО Россети Сибирь - Алтайэнерго
11,606784,https://api.hh.ru/vacancies?employer_id=606784&locale=RU,БизнесИнфоСервис
11,982694,https://api.hh.ru/vacancies?employer_id=982694&locale=RU,Группа Компаний РусТехника
11,1040418,https://api.hh.ru/vacancies?employer_id=1040418&locale=RU,КЗ ПромКотлоСнаб
11,1194366,https://api.hh.ru/vacancies?employer_id=1194366&locale=RU,Компания Ритейл Сервис
11,1271939,https://api.hh.ru/vacancies?employer_id=1271939&locale=RU,Барнаульский ВРЗ
11,1305267,https://api.hh.ru/vacancies?employer_id=1305267&locale=RU,Алтайкоммунпроект
11,1409205,https://api.hh.ru/vacancies?employer_id=1409205&locale=RU,Казачья станица
11,1992317,https://api.hh.ru/vacancies?employer_id=1992317&locale=RU,"КГБУЗ Городская больница №10,г.Барнаул"
11,2051498,https://api.hh.ru/vacancies?employer_id=2051498&locale=RU,Алтаймедтехника
11,2543519,https://api.hh.ru/vacancies?employer_id=2543519&locale=RU,ЛТБ
11,2801163,https://api.hh.ru/vacancies?employer_id=2801163&locale=RU,Комбинат школьного питания - Глобус
11,2859634,https://api.hh.ru/vacancies?employer_id=2859634&locale=RU,More Choice
11,2894814,https://api.hh.ru/vacancies?employer_id=2894814&locale=RU,"КГБУЗ Детская городская поликлиника №9, г.Барнаул"
11,3245822,https://api.hh.ru/vacancies?employer_id=3245822&locale=RU,Авиапредприятие Алтай
11,3296243,https://api.hh.ru/vacancies?employer_id=3296243&locale=RU,Алтайский вернисаж
11,3643129,https://api.hh.ru/vacancies?employer_id=3643129&locale=RU,Клинический лечебно-реабилитационный центр Территория здоровья
11,5791489,https://api.hh.ru/vacancies?employer_id=5791489&locale=RU,Nitrogen
11,6065488,https://api.hh.ru/vacancies?employer_id=6065488&locale=RU,Альянс-ГК
11,9842035,https://api.hh.ru/vacancies?employer_id=9842035&locale=RU,Автокомпас 122
10,126262,https://api.hh.ru/vacancies?employer_id=126262&locale=RU,НПО Барнаульский завод котельного оборудования
10,233217,https://api.hh.ru/vacancies?employer_id=233217&locale=RU,Geekspace
10,1114511,https://api.hh.ru/vacancies?employer_id=1114511&locale=RU,"ЯН, Транспортная компания"
10,1491392,https://api.hh.ru/vacancies?employer_id=1491392&locale=RU,"ФГБУ Федеральный центр травматологии, ортопедии и эндопротезирования"
10,1841797,https://api.hh.ru/vacancies?employer_id=1841797&locale=RU,"КГБУЗ Детская городская поликлиника №3, г. Барнаул"
10,1991061,https://api.hh.ru/vacancies?employer_id=1991061&locale=RU,"КГБУЗ Детская Городская Поликлиника № 5, г. Барнаул"
10,2135070,https://api.hh.ru/vacancies?employer_id=2135070&locale=RU,КГБУЗ Краевая клиническая больница скорой медицинской помощи
10,2141777,https://api.hh.ru/vacancies?employer_id=2141777&locale=RU,Green Side
10,2484030,https://api.hh.ru/vacancies?employer_id=2484030&locale=RU,АМСколор
10,3106743,https://api.hh.ru/vacancies?employer_id=3106743&locale=RU,Компания ЭлитУпаковка
10,3201358,https://api.hh.ru/vacancies?employer_id=3201358&locale=RU,Гостиница Барнаул
10,3453287,https://api.hh.ru/vacancies?employer_id=3453287&locale=RU,АСЛЗ (Алтайский Сталелитейный Завод)
10,3663648,https://api.hh.ru/vacancies?employer_id=3663648&locale=RU,Грильница (ИП Сартаков Алексей Анатольевич)
10,3781531,https://api.hh.ru/vacancies?employer_id=3781531&locale=RU,Барнаульский район водных путей и судоходства
10,3924631,https://api.hh.ru/vacancies?employer_id=3924631&locale=RU,"КГБУЗ Городская поликлиника № 10, г. Барнаул"
10,4666160,https://api.hh.ru/vacancies?employer_id=4666160&locale=RU,Зоомир
10,4835922,https://api.hh.ru/vacancies?employer_id=4835922&locale=RU,АС-Агро
10,5496941,https://api.hh.ru/vacancies?employer_id=5496941&locale=RU,Металл-Ресурс
10,5794722,https://api.hh.ru/vacancies?employer_id=5794722&locale=RU,Алтайский Завод Аграрного Машиностроения
10,8952216,https://api.hh.ru/vacancies?employer_id=8952216&locale=RU,Фатеев Алексей Павлович
10,10967565,https://api.hh.ru/vacancies?employer_id=10967565&locale=RU,Тонар-опт
10,11622899,https://api.hh.ru/vacancies?employer_id=11622899&locale=RU,К-Инвест Плюс
9,138432,https://api.hh.ru/vacancies?employer_id=138432&locale=RU,"А-Диск, Группа компаний"
9,705696,https://api.hh.ru/vacancies?employer_id=705696&locale=RU,Мартика
9,812945,https://api.hh.ru/vacancies?employer_id=812945&locale=RU,АвтоОпт
9,859579,https://api.hh.ru/vacancies?employer_id=859579&locale=RU,АртКроун
9,924078,https://api.hh.ru/vacancies?employer_id=924078&locale=RU,АгроПромСнаб
9,1120151,https://api.hh.ru/vacancies?employer_id=1120151&locale=RU,Научно-исследовательский центр Системы управления
9,1190194,https://api.hh.ru/vacancies?employer_id=1190194&locale=RU,Акцент-Авто
9,1376507,https://api.hh.ru/vacancies?employer_id=1376507&locale=RU,Сохрани зерно
9,1892311,https://api.hh.ru/vacancies?employer_id=1892311&locale=RU,ТД Алтайталь
9,1940949,https://api.hh.ru/vacancies?employer_id=1940949&locale=RU,ФудЛэнд
9,2508775,https://api.hh.ru/vacancies?employer_id=2508775&locale=RU,Диво Алтая
9,3356643,https://api.hh.ru/vacancies?employer_id=3356643&locale=RU,Единая Служба Газа
9,3388490,https://api.hh.ru/vacancies?employer_id=3388490&locale=RU,Мастер комфорта - производитель Ваших окон
9,3633888,https://api.hh.ru/vacancies?employer_id=3633888&locale=RU,Техагросервис
9,3917602,https://api.hh.ru/vacancies?employer_id=3917602&locale=RU,СпецПромЛит
9,3960161,https://api.hh.ru/vacancies?employer_id=3960161&locale=RU,КГБУЗ АВФД
9,4167397,https://api.hh.ru/vacancies?employer_id=4167397&locale=RU,Торговый центр ЗНАК
9,5073053,https://api.hh.ru/vacancies?employer_id=5073053&locale=RU,ХЛ
9,5254370,https://api.hh.ru/vacancies?employer_id=5254370&locale=RU,НТП Специальная Электроника
9,6056545,https://api.hh.ru/vacancies?employer_id=6056545&locale=RU,МЕЙТАН
9,9028623,https://api.hh.ru/vacancies?employer_id=9028623&locale=RU,МАРКТ
9,9249089,https://api.hh.ru/vacancies?employer_id=9249089&locale=RU,Stellar
9,9520147,https://api.hh.ru/vacancies?employer_id=9520147&locale=RU,Разина Людмила Петровна
9,10429907,https://api.hh.ru/vacancies?employer_id=10429907&locale=RU,Администрация Индустриального района города Барнаула
8,722686,https://api.hh.ru/vacancies?employer_id=722686&locale=RU,Магис-Спорт
8,773080,https://api.hh.ru/vacancies?employer_id=773080&locale=RU,Автоцентр Реал
8,1040392,https://api.hh.ru/vacancies?employer_id=1040392&locale=RU,Барнаульский литейно-механический завод
8,1419018,https://api.hh.ru/vacancies?employer_id=1419018&locale=RU,Ультрамед
8,1711754,https://api.hh.ru/vacancies?employer_id=1711754&locale=RU,МСВ
8,1793757,https://api.hh.ru/vacancies?employer_id=1793757&locale=RU,РЯД-Сервис
8,2563382,https://api.hh.ru/vacancies?employer_id=2563382&locale=RU,Алтай-Пригород
8,2785734,https://api.hh.ru/vacancies?employer_id=2785734&locale=RU,OPTIMA PORTE
8,2920589,https://api.hh.ru/vacancies?employer_id=2920589&locale=RU,Барнаульский завод энергетического оборудования
8,2965799,https://api.hh.ru/vacancies?employer_id=2965799&locale=RU,М2М телематика-Алтай
8,2997838,https://api.hh.ru/vacancies?employer_id=2997838&locale=RU,Строй-Мастер
8,3214255,https://api.hh.ru/vacancies?employer_id=3214255&locale=RU,МБУ Специализированная Похоронная Служба г.Барнаула
8,3484706,https://api.hh.ru/vacancies?employer_id=3484706&locale=RU,СК Созидание
8,3637300,https://api.hh.ru/vacancies?employer_id=3637300&locale=RU,АБК-ЭНЕРГО
8,4272176,https://api.hh.ru/vacancies?employer_id=4272176&locale=RU,Тепличный комбинат Толмачевский ОП Алтайское
8,4497854,https://api.hh.ru/vacancies?employer_id=4497854&locale=RU,МоемГород
8,4601909,https://api.hh.ru/vacancies?employer_id=4601909&locale=RU,Глобалтек
8,5966830,https://api.hh.ru/vacancies?employer_id=5966830&locale=RU,Лихторович Марина Николаевна
8,9282761,https://api.hh.ru/vacancies?employer_id=9282761&locale=RU,УК Мой Дом
8,9299771,https://api.hh.ru/vacancies?employer_id=9299771&locale=RU,Амэйзин Фуд
8,9350829,https://api.hh.ru/vacancies?employer_id=9350829&locale=RU,Мега мебель
8,10606644,https://api.hh.ru/vacancies?employer_id=10606644&locale=RU,Алтайагроснаб
8,10697672,https://api.hh.ru/vacancies?employer_id=10697672&locale=RU,ТК Гермес
8,11679972,https://api.hh.ru/vacancies?employer_id=11679972&locale=RU,Пантеон
7,807523,https://api.hh.ru/vacancies?employer_id=807523&locale=RU,Талтэк
7,826915,https://api.hh.ru/vacancies?employer_id=826915&locale=RU,Барнаульский химический завод
7,831988,https://api.hh.ru/vacancies?employer_id=831988&locale=RU,Тейси
7,1180233,https://api.hh.ru/vacancies?employer_id=1180233&locale=RU,Главное Управление Федеральной Службы Судебных Приставов по Алтайскому Краю
7,1375007,https://api.hh.ru/vacancies?employer_id=1375007&locale=RU,АКТИВ
7,1445001,https://api.hh.ru/vacancies?employer_id=1445001&locale=RU,ПРАЙМ
7,1448053,https://api.hh.ru/vacancies?employer_id=1448053&locale=RU,Барнаульское Городское Топливоснабжающее предприятие
7,1502371,https://api.hh.ru/vacancies?employer_id=1502371&locale=RU,Аарон
7,1895635,https://api.hh.ru/vacancies?employer_id=1895635&locale=RU,Тропин Константин Александрович
7,1945235,https://api.hh.ru/vacancies?employer_id=1945235&locale=RU,УБОЙНЫЙ КОРМ
7,2209615,https://api.hh.ru/vacancies?employer_id=2209615&locale=RU,АЗАС
7,2345549,https://api.hh.ru/vacancies?employer_id=2345549&locale=RU,Барнаул-Моторс+
7,2498014,https://api.hh.ru/vacancies?employer_id=2498014&locale=RU,СИБТРУД
7,2517872,https://api.hh.ru/vacancies?employer_id=2517872&locale=RU,Грузовой центр Медведь
7,2537667,https://api.hh.ru/vacancies?employer_id=2537667&locale=RU,КГБУЗ Алтайская краевая офтальмологическая больница
7,2554313,https://api.hh.ru/vacancies?employer_id=2554313&locale=RU,Форштадтская пивоварня
7,2574138,https://api.hh.ru/vacancies?employer_id=2574138&locale=RU,Сити Бэйкер
7,2578423,https://api.hh.ru/vacancies?employer_id=2578423&locale=RU,EpiCenter
7,2698038,https://api.hh.ru/vacancies?employer_id=2698038&locale=RU,Алтайские макароны
7,2787319,https://api.hh.ru/vacancies?employer_id=2787319&locale=RU,Вкусная жизнь
7,2983827,https://api.hh.ru/vacancies?employer_id=2983827&locale=RU,"Сибирская теплосбытовая компания, Барнаульский филиал"
7,3094742,https://api.hh.ru/vacancies?employer_id=3094742&locale=RU,АН АртКлассик
7,3456965,https://api.hh.ru/vacancies?employer_id=3456965&locale=RU,АлтайКлиматСтрой
7,3853583,https://api.hh.ru/vacancies?employer_id=3853583&locale=RU,РусПром
7,4360723,https://api.hh.ru/vacancies?employer_id=4360723&locale=RU,Региональный оператор Алтайского края Фонд капитального ремонта многоквартирных домов
7,4776044,https://api.hh.ru/vacancies?employer_id=4776044&locale=RU,Пилот
7,4909023,https://api.hh.ru/vacancies?employer_id=4909023&locale=RU,КЧОП Сотня
7,4911584,https://api.hh.ru/vacancies?employer_id=4911584&locale=RU,Кафе Матрёшка
7,5807058,https://api.hh.ru/vacancies?employer_id=5807058&locale=RU,Кривошеин Данила Андреевич
7,8967743,https://api.hh.ru/vacancies?employer_id=8967743&locale=RU,ТПП Алмаз
7,9070421,https://api.hh.ru/vacancies?employer_id=9070421&locale=RU,Управление Алтайского края по государственному регулированию цен и тарифов
7,10400266,https://api.hh.ru/vacancies?employer_id=10400266&locale=RU,Центральная газовая служба
7,11462938,https://api.hh.ru/vacancies?employer_id=11462938&locale=RU,Авангард-Ит
7,11610461,https://api.hh.ru/vacancies?employer_id=11610461&locale=RU,Связь 22
7,11735140,https://api.hh.ru/vacancies?employer_id=11735140&locale=RU,ВИП-АВТО
6,115911,https://api.hh.ru/vacancies?employer_id=115911&locale=RU,Энтерра
6,159758,https://api.hh.ru/vacancies?employer_id=159758&locale=RU,1С-Галэкс
6,200650,https://api.hh.ru/vacancies?employer_id=200650&locale=RU,ЮРКОМП
6,419015,https://api.hh.ru/vacancies?employer_id=419015&locale=RU,KINETICA performance agency
6,732181,https://api.hh.ru/vacancies?employer_id=732181&locale=RU,Союзпечать-Алтай
6,869720,https://api.hh.ru/vacancies?employer_id=869720&locale=RU,Формула М2
6,908008,https://api.hh.ru/vacancies?employer_id=908008&locale=RU,Барнаульская халвичная фабрика
6,1292292,https://api.hh.ru/vacancies?employer_id=1292292&locale=RU,Меркурий
6,1349023,https://api.hh.ru/vacancies?employer_id=1349023&locale=RU,Объединение компаний Алмаз
6,1419210,https://api.hh.ru/vacancies?employer_id=1419210&locale=RU,Агротрак
6,1531750,https://api.hh.ru/vacancies?employer_id=1531750&locale=RU,ПК Котломаш
6,1815886,https://api.hh.ru/vacancies?employer_id=1815886&locale=RU,Успех
6,2085282,https://api.hh.ru/vacancies?employer_id=2085282&locale=RU,Корпорация Tavela
6,2191349,https://api.hh.ru/vacancies?employer_id=2191349&locale=RU,Рост
6,2249594,https://api.hh.ru/vacancies?employer_id=2249594&locale=RU,ТД Контур
6,2610232,https://api.hh.ru/vacancies?employer_id=2610232&locale=RU,Первый центр сварки
6,2625494,https://api.hh.ru/vacancies?employer_id=2625494&locale=RU,Апекс-ССТ
6,2763157,https://api.hh.ru/vacancies?employer_id=2763157&locale=RU,Магистраль
6,2908041,https://api.hh.ru/vacancies?employer_id=2908041&locale=RU,"КГБУЗ Дом ребенка специализированный, г. Барнаул"
6,2931115,https://api.hh.ru/vacancies?employer_id=2931115&locale=RU,КГБУЗ Краевой Центр Медицинской Профилактики
6,2949009,https://api.hh.ru/vacancies?employer_id=2949009&locale=RU,"КГБУЗ Станция скорой медицинской помощи, г. Барнаул"
6,3014604,https://api.hh.ru/vacancies?employer_id=3014604&locale=RU,КГБУСО Комплексный центр социального обслуживания населения города Барнаула
6,3061549,https://api.hh.ru/vacancies?employer_id=3061549&locale=RU,Дверидофф
6,3142130,https://api.hh.ru/vacancies?employer_id=3142130&locale=RU,Рекрутинговое Агентство ДЕЛО
6,3180729,https://api.hh.ru/vacancies?employer_id=3180729&locale=RU,Алтайский экспертно-проектный центр СПЕКТР
6,3216732,https://api.hh.ru/vacancies?employer_id=3216732&locale=RU,Мустанг-Сибирь
6,3428652,https://api.hh.ru/vacancies?employer_id=3428652&locale=RU,Диор
6,3430164,https://api.hh.ru/vacancies?employer_id=3430164&locale=RU,Краевое государственное бюджетное учреждение здравоохранения Городская больница №8 г.Барнаул
6,3526764,https://api.hh.ru/vacancies?employer_id=3526764&locale=RU,Тюленев Дмитрий Александрович
6,3584139,https://api.hh.ru/vacancies?employer_id=3584139&locale=RU,Випкер
6,3702151,https://api.hh.ru/vacancies?employer_id=3702151&locale=RU,Комитет по образованию города Барнаула
6,3723735,https://api.hh.ru/vacancies?employer_id=3723735&locale=RU,СНК
6,3793525,https://api.hh.ru/vacancies?employer_id=3793525&locale=RU,Агроцентр-Плюс
6,3968824,https://api.hh.ru/vacancies?employer_id=3968824&locale=RU,Барнаул РТИ
6,4036611,https://api.hh.ru/vacancies?employer_id=4036611&locale=RU,Лента-Пром
6,4166788,https://api.hh.ru/vacancies?employer_id=4166788&locale=RU,Биллинговый центр
6,4457626,https://api.hh.ru/vacancies?employer_id=4457626&locale=RU,Алтайское Поместье
6,4514608,https://api.hh.ru/vacancies?employer_id=4514608&locale=RU,ПИК ГидроСибирь
6,4561058,https://api.hh.ru/vacancies?employer_id=4561058&locale=RU,Управление Юстиции Алтайского Края
6,4663345,https://api.hh.ru/vacancies?employer_id=4663345&locale=RU,Gensnab
6,4817709,https://api.hh.ru/vacancies?employer_id=4817709&locale=RU,BIG MACHINE
6,4837583,https://api.hh.ru/vacancies?employer_id=4837583&locale=RU,Энергетический Альянс Сибири
6,4969359,https://api.hh.ru/vacancies?employer_id=4969359&locale=RU,Учреждение Алтайского Краевого Совета Профсоюзов Санаторий Барнаульский
6,4973097,https://api.hh.ru/vacancies?employer_id=4973097&locale=RU,Патай
6,4990414,https://api.hh.ru/vacancies?employer_id=4990414&locale=RU,ТК Русгруз
6,5183910,https://api.hh.ru/vacancies?employer_id=5183910&locale=RU,Рашэн Традишн
6,5908660,https://api.hh.ru/vacancies?employer_id=5908660&locale=RU,Ноутбук Сервис
6,5932430,https://api.hh.ru/vacancies?employer_id=5932430&locale=RU,Головачев Артем Александрович
6,9489333,https://api.hh.ru/vacancies?employer_id=9489333&locale=RU,CNCMagazine
6,10652546,https://api.hh.ru/vacancies?employer_id=10652546&locale=RU,Алькон
6,10997786,https://api.hh.ru/vacancies?employer_id=10997786&locale=RU,СИНЕРГИЯ
6,11353228,https://api.hh.ru/vacancies?employer_id=11353228&locale=RU,Тонар Плюс
5,3300126,https://api.hh.ru/vacancies?employer_id=3300126&locale=RU,АЛТАЙ парк отель «ПОДГОРИЦА»
5,90437,https://api.hh.ru/vacancies?employer_id=90437&locale=RU,Ренессанс Косметик
5,747602,https://api.hh.ru/vacancies?employer_id=747602&locale=RU,АлтайГАЗавтосервис
5,927752,https://api.hh.ru/vacancies?employer_id=927752&locale=RU,Твоё Радио
5,960705,https://api.hh.ru/vacancies?employer_id=960705&locale=RU,Медиагруппа FM-Продакшн
5,1013708,https://api.hh.ru/vacancies?employer_id=1013708&locale=RU,Туристическая компания Авиафлот
5,1063502,https://api.hh.ru/vacancies?employer_id=1063502&locale=RU,Приборы учета
5,1098812,https://api.hh.ru/vacancies?employer_id=1098812&locale=RU,Экструзионная Компания Алтай
5,1335055,https://api.hh.ru/vacancies?employer_id=1335055&locale=RU,Автосервис «Свой»
5,1372301,https://api.hh.ru/vacancies?employer_id=1372301&locale=RU,Пиццерия Чикаго
5,1399933,https://api.hh.ru/vacancies?employer_id=1399933&locale=RU,Заринский мясоперерабатывающий завод
5,1640993,https://api.hh.ru/vacancies?employer_id=1640993&locale=RU,Отделение Фонда пенсионного и социального страхования Российской Федерации по Алтайскому краю
5,1678776,https://api.hh.ru/vacancies?employer_id=1678776&locale=RU,Стеллажные Системы
5,1932444,https://api.hh.ru/vacancies?employer_id=1932444&locale=RU,Арена-Парк
5,2059030,https://api.hh.ru/vacancies?employer_id=2059030&locale=RU,Оливия
5,2151580,https://api.hh.ru/vacancies?employer_id=2151580&locale=RU,ГК Партия
5,2224137,https://api.hh.ru/vacancies?employer_id=2224137&locale=RU,Гермес-строй
5,2514134,https://api.hh.ru/vacancies?employer_id=2514134&locale=RU,Алтайтара
5,2555769,https://api.hh.ru/vacancies?employer_id=2555769&locale=RU,"КГБУЗ Детская стоматологическая поликлиника № 2, г. Барнаул"
5,2629223,https://api.hh.ru/vacancies?employer_id=2629223&locale=RU,ЕТО
5,2732860,https://api.hh.ru/vacancies?employer_id=2732860&locale=RU,Интерьерный салон AmareBagno
5,2802561,https://api.hh.ru/vacancies?employer_id=2802561&locale=RU,Атлантика
5,2817538,https://api.hh.ru/vacancies?employer_id=2817538&locale=RU,Интеграция
5,2892906,https://api.hh.ru/vacancies?employer_id=2892906&locale=RU,АкваМастер
5,2971218,https://api.hh.ru/vacancies?employer_id=2971218&locale=RU,Стоматологическая клиника Актика
5,3016451,https://api.hh.ru/vacancies?employer_id=3016451&locale=RU,Администрация Ленинского района города Барнаула
5,3068756,https://api.hh.ru/vacancies?employer_id=3068756&locale=RU,Производственное объединение ЭнергоИндустрия
5,3092973,https://api.hh.ru/vacancies?employer_id=3092973&locale=RU,Завод Энергетик
5,3120888,https://api.hh.ru/vacancies?employer_id=3120888&locale=RU,MOKBИH
5,3130944,https://api.hh.ru/vacancies?employer_id=3130944&locale=RU,Бочка
5,3165310,https://api.hh.ru/vacancies?employer_id=3165310&locale=RU,Спецтехстрой
5,3208785,https://api.hh.ru/vacancies?employer_id=3208785&locale=RU,Компания Сибтара
5,3228532,https://api.hh.ru/vacancies?employer_id=3228532&locale=RU,Семейный ресторан Дамиани
5,3346872,https://api.hh.ru/vacancies?employer_id=3346872&locale=RU,АЛЬБАТРО
5,3350847,https://api.hh.ru/vacancies?employer_id=3350847&locale=RU,Стройгазгарант
5,3383043,https://api.hh.ru/vacancies?employer_id=3383043&locale=RU,КГБСУСО Барнаульский дом-интернат для престарелых и инвалидов (ветеранов войны и труда)
5,3552627,https://api.hh.ru/vacancies?employer_id=3552627&locale=RU,Строй Сфера
5,3740450,https://api.hh.ru/vacancies?employer_id=3740450&locale=RU,КГБУЗ ДСП №1 г. Барнаул
5,3779935,https://api.hh.ru/vacancies?employer_id=3779935&locale=RU,"GEIZER, сеть тёплых автомоек самообслуживания"
5,3999997,https://api.hh.ru/vacancies?employer_id=3999997&locale=RU,Корнеева Наталья Владимировна
5,4145914,https://api.hh.ru/vacancies?employer_id=4145914&locale=RU,Министерство здравоохранения Алтайского края
5,4242261,https://api.hh.ru/vacancies?employer_id=4242261&locale=RU,КАУ ДПО Алтайский Институт Развития Образования Имени А. М. Топорова
5,4288455,https://api.hh.ru/vacancies?employer_id=4288455&locale=RU,Гольфстрим
5,4337802,https://api.hh.ru/vacancies?employer_id=4337802&locale=RU,Теплокон
5,4387062,https://api.hh.ru/vacancies?employer_id=4387062&locale=RU,ТПК Техносибирь
5,4498601,https://api.hh.ru/vacancies?employer_id=4498601&locale=RU,Сибторг
5,4559360,https://api.hh.ru/vacancies?employer_id=4559360&locale=RU,Блэк
5,4699084,https://api.hh.ru/vacancies?employer_id=4699084&locale=RU,МС ГРУПП
5,4873283,https://api.hh.ru/vacancies?employer_id=4873283&locale=RU,Торговый дом Фрутогуд
5,5261711,https://api.hh.ru/vacancies?employer_id=5261711&locale=RU,Неомедикс
5,5371178,https://api.hh.ru/vacancies?employer_id=5371178&locale=RU,Барнаульское дорожно-строительное управление № 4
5,5380927,https://api.hh.ru/vacancies?employer_id=5380927&locale=RU,Алтайский Битумный Терминал
5,5480025,https://api.hh.ru/vacancies?employer_id=5480025&locale=RU,Кафе Дастархан
5,5614625,https://api.hh.ru/vacancies?employer_id=5614625&locale=RU,Алтайский филиал Финансовый университет при Правительстве РФ
5,5625457,https://api.hh.ru/vacancies?employer_id=5625457&locale=RU,"КГБУЗ Городская поликлиника № 3, г.Барнаул"
5,5718063,https://api.hh.ru/vacancies?employer_id=5718063&locale=RU,ДОМ ЦВЕТКОВ
5,5825001,https://api.hh.ru/vacancies?employer_id=5825001&locale=RU,Сибирский Центр Строительных Материалов
5,9029150,https://api.hh.ru/vacancies?employer_id=9029150&locale=RU,ЧЭРИТИ ГРУПП+
5,9455199,https://api.hh.ru/vacancies?employer_id=9455199&locale=RU,Клепинина Ксения Максимовна
5,9609627,https://api.hh.ru/vacancies?employer_id=9609627&locale=RU,Новая Высота
5,10406322,https://api.hh.ru/vacancies?employer_id=10406322&locale=RU,СЗ РЕГИОНСТРОЙ
5,10490243,https://api.hh.ru/vacancies?employer_id=10490243&locale=RU,ПК Планета
5,11106622,https://api.hh.ru/vacancies?employer_id=11106622&locale=RU,АджикиНеЖаль (ИП Лузина Анна Александровна)
5,11132948,https://api.hh.ru/vacancies?employer_id=11132948&locale=RU,Аспект-Видео
5,11570717,https://api.hh.ru/vacancies?employer_id=11570717&locale=RU,"Топор, гриль-бар"
5,11778931,https://api.hh.ru/vacancies?employer_id=11778931&locale=RU,ЧОО Барс
5,11787814,https://api.hh.ru/vacancies?employer_id=11787814&locale=RU,Тополь
4,3092235,https://api.hh.ru/vacancies?employer_id=3092235&locale=RU,РТФ
4,9532645,https://api.hh.ru/vacancies?employer_id=9532645&locale=RU,Реал-2
4,691030,https://api.hh.ru/vacancies?employer_id=691030&locale=RU,"Сибирикс, SCRUM-студия"
4,950886,https://api.hh.ru/vacancies?employer_id=950886&locale=RU,ЭСКОР
4,979214,https://api.hh.ru/vacancies?employer_id=979214&locale=RU,МЕД-КОНСУЛ
4,990138,https://api.hh.ru/vacancies?employer_id=990138&locale=RU,Новые продукты
4,1002139,https://api.hh.ru/vacancies?employer_id=1002139&locale=RU,Сеть супермаркетов профессиональной косметики Модерн
4,1026008,https://api.hh.ru/vacancies?employer_id=1026008&locale=RU,Алфит Плюс
4,1042234,https://api.hh.ru/vacancies?employer_id=1042234&locale=RU,РГ Продвижение
4,1043017,https://api.hh.ru/vacancies?employer_id=1043017&locale=RU,Квадро Интерьер
4,1066419,https://api.hh.ru/vacancies?employer_id=1066419&locale=RU,Триал
4,1275711,https://api.hh.ru/vacancies?employer_id=1275711&locale=RU,Ин Мода
4,1424787,https://api.hh.ru/vacancies?employer_id=1424787&locale=RU,ПродснабАлтай
4,1742840,https://api.hh.ru/vacancies?employer_id=1742840&locale=RU,Плавыч (завод плавленых сыров)
4,1833618,https://api.hh.ru/vacancies?employer_id=1833618&locale=RU,Торгсервис 22
4,2024220,https://api.hh.ru/vacancies?employer_id=2024220&locale=RU,Автотерминал
4,2117987,https://api.hh.ru/vacancies?employer_id=2117987&locale=RU,АСМ-Алтай
4,2461532,https://api.hh.ru/vacancies?employer_id=2461532&locale=RU,ЧОП АНАКОНДА II
4,2511790,https://api.hh.ru/vacancies?employer_id=2511790&locale=RU,Витамин Продукт
4,2651392,https://api.hh.ru/vacancies?employer_id=2651392&locale=RU,Барнаулгоргаз
4,2659157,https://api.hh.ru/vacancies?employer_id=2659157&locale=RU,АлтайАвтоЦентр
4,2704220,https://api.hh.ru/vacancies?employer_id=2704220&locale=RU,КГБПОУ Алтайская академия гостеприимства
4,2742655,https://api.hh.ru/vacancies?employer_id=2742655&locale=RU,Малл Инвест
4,2893793,https://api.hh.ru/vacancies?employer_id=2893793&locale=RU,Pyrobyte
4,2997990,https://api.hh.ru/vacancies?employer_id=2997990&locale=RU,Клиника терапевтической косметологии Нано Бьюти
4,3072816,https://api.hh.ru/vacancies?employer_id=3072816&locale=RU,ПКФ Силикатчик
4,3103069,https://api.hh.ru/vacancies?employer_id=3103069&locale=RU,Барнаульский котельный завод
4,3763290,https://api.hh.ru/vacancies?employer_id=3763290&locale=RU,Мегастрой
4,3814242,https://api.hh.ru/vacancies?employer_id=3814242&locale=RU,CENTURY 21 Красиво жить
4,3988701,https://api.hh.ru/vacancies?employer_id=3988701&locale=RU,АлтайЦинк
4,4009184,https://api.hh.ru/vacancies?employer_id=4009184&locale=RU,МАОУ СОШ №134
4,4018711,https://api.hh.ru/vacancies?employer_id=4018711&locale=RU,Место Права
4,4029225,https://api.hh.ru/vacancies?employer_id=4029225&locale=RU,Traveler’s Coffee (ИП Сафронов Александр Александрович)
4,4151170,https://api.hh.ru/vacancies?employer_id=4151170&locale=RU,ММК Антуриум
4,4177614,https://api.hh.ru/vacancies?employer_id=4177614&locale=RU,ДИБИЭЙ
4,4303015,https://api.hh.ru/vacancies?employer_id=4303015&locale=RU,"КГБУЗ Городская больница № 3, г. Барнаул"
4,4389080,https://api.hh.ru/vacancies?employer_id=4389080&locale=RU,Единый Расчетный Центр
4,4400235,https://api.hh.ru/vacancies?employer_id=4400235&locale=RU,Лес-Экспорт
4,4432805,https://api.hh.ru/vacancies?employer_id=4432805&locale=RU,Группа компаний Энергия
4,4457300,https://api.hh.ru/vacancies?employer_id=4457300&locale=RU,Штуцен
4,4590347,https://api.hh.ru/vacancies?employer_id=4590347&locale=RU,Аем-Премиум
4,4702159,https://api.hh.ru/vacancies?employer_id=4702159&locale=RU,Снабмастер
4,4881362,https://api.hh.ru/vacancies?employer_id=4881362&locale=RU,Барнаульский Завод Винтовых Свай
4,5171133,https://api.hh.ru/vacancies?employer_id=5171133&locale=RU,"Филиал ФГУП ВГТРК, ГТРК Алтай"
4,5199292,https://api.hh.ru/vacancies?employer_id=5199292&locale=RU,ЧОП Витязь
4,5288710,https://api.hh.ru/vacancies?employer_id=5288710&locale=RU,ДОЗ
4,5309866,https://api.hh.ru/vacancies?employer_id=5309866&locale=RU,МБДОУ ЦРР - Детский сад № 217
4,5500414,https://api.hh.ru/vacancies?employer_id=5500414&locale=RU,Трак-Мастер
4,5770521,https://api.hh.ru/vacancies?employer_id=5770521&locale=RU,Зелёная миля
4,6108321,https://api.hh.ru/vacancies?employer_id=6108321&locale=RU,Магазин Снежинка
4,6117973,https://api.hh.ru/vacancies?employer_id=6117973&locale=RU,Лев Яков
4,8897254,https://api.hh.ru/vacancies?employer_id=8897254&locale=RU,Технопром
4,9039176,https://api.hh.ru/vacancies?employer_id=9039176&locale=RU,Автосервис Акцент-Сервис
4,9074433,https://api.hh.ru/vacancies?employer_id=9074433&locale=RU,Про детство
4,9091528,https://api.hh.ru/vacancies?employer_id=9091528&locale=RU,КМ-Сити
4,9475826,https://api.hh.ru/vacancies?employer_id=9475826&locale=RU,Инспекция Строительного и Жилищного Надзора Алтайского Края
4,9535379,https://api.hh.ru/vacancies?employer_id=9535379&locale=RU,Алтайэлектро Барнаул
4,9612199,https://api.hh.ru/vacancies?employer_id=9612199&locale=RU,SECRETS LAN
4,9616179,https://api.hh.ru/vacancies?employer_id=9616179&locale=RU,Элистр
4,9650717,https://api.hh.ru/vacancies?employer_id=9650717&locale=RU,Глобал Эстейт Групп
4,9655131,https://api.hh.ru/vacancies?employer_id=9655131&locale=RU,K-service
4,9701506,https://api.hh.ru/vacancies?employer_id=9701506&locale=RU,Федоров Александр Александрович
4,9804089,https://api.hh.ru/vacancies?employer_id=9804089&locale=RU,Эко-отель Чемал
4,9805088,https://api.hh.ru/vacancies?employer_id=9805088&locale=RU,ОРК ХЕЛМИ
4,9814313,https://api.hh.ru/vacancies?employer_id=9814313&locale=RU,Крылова Светлана Валентиновна
4,9885516,https://api.hh.ru/vacancies?employer_id=9885516&locale=RU,Сибирская Индустриальная Мануфактура
4,10107517,https://api.hh.ru/vacancies?employer_id=10107517&locale=RU,ТБО Сервис +
4,10544182,https://api.hh.ru/vacancies?employer_id=10544182&locale=RU,ТрэйдЛайн
4,10653735,https://api.hh.ru/vacancies?employer_id=10653735&locale=RU,Катанцев Алексей Вячеславович
4,10701661,https://api.hh.ru/vacancies?employer_id=10701661&locale=RU,Модуль
4,11124248,https://api.hh.ru/vacancies?employer_id=11124248&locale=RU,Журавлева Елена Геннадьевна
4,11154464,https://api.hh.ru/vacancies?employer_id=11154464&locale=RU,"КГБУ Барнаульский центр помощи детям, оставшимся без попечения родителей, № 4"
4,11556129,https://api.hh.ru/vacancies?employer_id=11556129&locale=RU,УК Альянс
4,11690601,https://api.hh.ru/vacancies?employer_id=11690601&locale=RU,УК Селфстроит
4,11769662,https://api.hh.ru/vacancies?employer_id=11769662&locale=RU,МБОУ Гимназия №69
3,55625,https://api.hh.ru/vacancies?employer_id=55625&locale=RU,"Алтан, Торговый дом"
3,174856,https://api.hh.ru/vacancies?employer_id=174856&locale=RU,"Беловодье, Отель"
3,703882,https://api.hh.ru/vacancies?employer_id=703882&locale=RU,КСБ Профи
3,808545,https://api.hh.ru/vacancies?employer_id=808545&locale=RU,Селф
3,830701,https://api.hh.ru/vacancies?employer_id=830701&locale=RU,Алтайская Машиностроительная Компания
3,932307,https://api.hh.ru/vacancies?employer_id=932307&locale=RU,"Sakwa, Компания"
3,996749,https://api.hh.ru/vacancies?employer_id=996749&locale=RU,Пионер Трейд
3,1092319,https://api.hh.ru/vacancies?employer_id=1092319&locale=RU,Фармацевтический завод Гален
3,1166254,https://api.hh.ru/vacancies?employer_id=1166254&locale=RU,Absolute
3,1170815,https://api.hh.ru/vacancies?employer_id=1170815&locale=RU,Кофейный мир
3,1191945,https://api.hh.ru/vacancies?employer_id=1191945&locale=RU,Строй-Инвест
3,1275729,https://api.hh.ru/vacancies?employer_id=1275729&locale=RU,Универсал Комплект
3,1434582,https://api.hh.ru/vacancies?employer_id=1434582&locale=RU,ПИ Алтайгражданпроект
3,1443258,https://api.hh.ru/vacancies?employer_id=1443258&locale=RU,Эль-Трейд
3,1495272,https://api.hh.ru/vacancies?employer_id=1495272&locale=RU,Торговая Марка
3,1509117,https://api.hh.ru/vacancies?employer_id=1509117&locale=RU,РТИ Барнаул
3,1519336,https://api.hh.ru/vacancies?employer_id=1519336&locale=RU,ЕАВТО
3,1554857,https://api.hh.ru/vacancies?employer_id=1554857&locale=RU,Образ жизни
3,1572005,https://api.hh.ru/vacancies?employer_id=1572005&locale=RU,Сангер
3,1636356,https://api.hh.ru/vacancies?employer_id=1636356&locale=RU,АлОрто
3,1712573,https://api.hh.ru/vacancies?employer_id=1712573&locale=RU,BuyTheWay
3,1835110,https://api.hh.ru/vacancies?employer_id=1835110&locale=RU,БЛИС
3,2191159,https://api.hh.ru/vacancies?employer_id=2191159&locale=RU,Премиум Класс
3,2203417,https://api.hh.ru/vacancies?employer_id=2203417&locale=RU,Завод Энерготех
3,2226673,https://api.hh.ru/vacancies?employer_id=2226673&locale=RU,МБУ города Барнаула Парк культуры и отдыха Центральный
3,2353877,https://api.hh.ru/vacancies?employer_id=2353877&locale=RU,АЛТАЙКОМ
3,2438515,https://api.hh.ru/vacancies?employer_id=2438515&locale=RU,Точный расчет
3,2630111,https://api.hh.ru/vacancies?employer_id=2630111&locale=RU,Европа-Боулинг
3,2646380,https://api.hh.ru/vacancies?employer_id=2646380&locale=RU,Agile Digital Lab
3,2734917,https://api.hh.ru/vacancies?employer_id=2734917&locale=RU,Барнаульский автоцентр Камаз
3,2765056,https://api.hh.ru/vacancies?employer_id=2765056&locale=RU,КГБУЗ Городская поликлиника № 9 г. Барнаул
3,2804661,https://api.hh.ru/vacancies?employer_id=2804661&locale=RU,Завод Гарант
3,2825592,https://api.hh.ru/vacancies?employer_id=2825592&locale=RU,Сеть тренажерных залов Рельеф
3,2846027,https://api.hh.ru/vacancies?employer_id=2846027&locale=RU,Нефтепродукт Алтай
3,2967533,https://api.hh.ru/vacancies?employer_id=2967533&locale=RU,Импресс
3,2970774,https://api.hh.ru/vacancies?employer_id=2970774&locale=RU,СК Астрой
3,2973115,https://api.hh.ru/vacancies?employer_id=2973115&locale=RU,КАУ Алтайлес
3,3075483,https://api.hh.ru/vacancies?employer_id=3075483&locale=RU,АКЗ Энергосервис
3,3119149,https://api.hh.ru/vacancies?employer_id=3119149&locale=RU,КГБУЗ Алтайский краевой противотуберкулезный диспансер
3,3154417,https://api.hh.ru/vacancies?employer_id=3154417&locale=RU,Бажина Ольга Фирдаусовна
3,3204278,https://api.hh.ru/vacancies?employer_id=3204278&locale=RU,РТА
3,3227354,https://api.hh.ru/vacancies?employer_id=3227354&locale=RU,СВ-Стандарт
3,3341370,https://api.hh.ru/vacancies?employer_id=3341370&locale=RU,ГЦМ Диал Мед
3,3410979,https://api.hh.ru/vacancies?employer_id=3410979&locale=RU,Шоу-рум Krainova.shop
3,3413579,https://api.hh.ru/vacancies?employer_id=3413579&locale=RU,МЭЗ АЛТАЙ
3,3415644,https://api.hh.ru/vacancies?employer_id=3415644&locale=RU,Барнаулгазспецстрой
3,3533782,https://api.hh.ru/vacancies?employer_id=3533782&locale=RU,КГБУСО Краевой социально-реабилитационный центр для несовершеннолетних Солнышко
3,3581413,https://api.hh.ru/vacancies?employer_id=3581413&locale=RU,Антикорсервис
3,3670393,https://api.hh.ru/vacancies?employer_id=3670393&locale=RU,Ателье Мастер и Мастерица (ИП Габриелян Ирина Владиславовна)
3,3685827,https://api.hh.ru/vacancies?employer_id=3685827&locale=RU,Анмар
3,3690174,https://api.hh.ru/vacancies?employer_id=3690174&locale=RU,ЛокоТех Эксперт
3,3729600,https://api.hh.ru/vacancies?employer_id=3729600&locale=RU,АлтайВторМет
3,3730092,https://api.hh.ru/vacancies?employer_id=3730092&locale=RU,КГБОУ Барнаульская общеобразовательная Школа-Интернат №5
3,3797663,https://api.hh.ru/vacancies?employer_id=3797663&locale=RU,Центральные бани
3,3848830,https://api.hh.ru/vacancies?employer_id=3848830&locale=RU,КГБУЗ Алтайский краевой психоневрологический диспансер для детей
3,3859151,https://api.hh.ru/vacancies?employer_id=3859151&locale=RU,Пансионат Южный
3,4023160,https://api.hh.ru/vacancies?employer_id=4023160&locale=RU,ДиПОС-Алтай
3,4102249,https://api.hh.ru/vacancies?employer_id=4102249&locale=RU,ФГБОУ ВО Алтайский Государственный Педагогический Университет
3,4118917,https://api.hh.ru/vacancies?employer_id=4118917&locale=RU,Министерство строительства и жилищно-коммунального хозяйства Алтайского края
3,4189695,https://api.hh.ru/vacancies?employer_id=4189695&locale=RU,Академия знаний
3,4240329,https://api.hh.ru/vacancies?employer_id=4240329&locale=RU,Сибкомплект
3,4462781,https://api.hh.ru/vacancies?employer_id=4462781&locale=RU,Зерновая Компания Благо
3,4511970,https://api.hh.ru/vacancies?employer_id=4511970&locale=RU,Чёрный квадрат
3,4512900,https://api.hh.ru/vacancies?employer_id=4512900&locale=RU,АТИ-Маркет плюс
3,4515462,https://api.hh.ru/vacancies?employer_id=4515462&locale=RU,Ситигаз БЭСТ
3,4609242,https://api.hh.ru/vacancies?employer_id=4609242&locale=RU,150bar
3,4622008,https://api.hh.ru/vacancies?employer_id=4622008&locale=RU,МАОУ СОШ №137
3,4706150,https://api.hh.ru/vacancies?employer_id=4706150&locale=RU,Сибирьавтотранс
3,4729696,https://api.hh.ru/vacancies?employer_id=4729696&locale=RU,COFFEE MONKEY
3,4858463,https://api.hh.ru/vacancies?employer_id=4858463&locale=RU,Парк Здоровья
3,5173587,https://api.hh.ru/vacancies?employer_id=5173587&locale=RU,Кемплант
3,5292784,https://api.hh.ru/vacancies?employer_id=5292784&locale=RU,Алтайские Моторы
3,5329540,https://api.hh.ru/vacancies?employer_id=5329540&locale=RU,Zavarka coffee
3,5357688,https://api.hh.ru/vacancies?employer_id=5357688&locale=RU,Стоматологическая поликлиника КарДента
3,5360261,https://api.hh.ru/vacancies?employer_id=5360261&locale=RU,Центральный районный суд г.Барнаула
3,5397802,https://api.hh.ru/vacancies?employer_id=5397802&locale=RU,Машзавод ЭТС
3,5441820,https://api.hh.ru/vacancies?employer_id=5441820&locale=RU,Олимп
3,5458524,https://api.hh.ru/vacancies?employer_id=5458524&locale=RU,Аннрус+
3,5477537,https://api.hh.ru/vacancies?employer_id=5477537&locale=RU,СПРОСИВРАЧА
3,5604090,https://api.hh.ru/vacancies?employer_id=5604090&locale=RU,Центр HRM Персонал
3,5687502,https://api.hh.ru/vacancies?employer_id=5687502&locale=RU,Учебно-Опытное Хозяйство Пригородное
3,5958241,https://api.hh.ru/vacancies?employer_id=5958241&locale=RU,Алтайский заготовитель
3,6093650,https://api.hh.ru/vacancies?employer_id=6093650&locale=RU,Машзавод Тарвент
3,8936053,https://api.hh.ru/vacancies?employer_id=8936053&locale=RU,Мятный Карась (ИП Белоносов Владимир Геральдович)
3,8942478,https://api.hh.ru/vacancies?employer_id=8942478&locale=RU,АНО Центр содействия занятости и безопасности труда
3,9218517,https://api.hh.ru/vacancies?employer_id=9218517&locale=RU,Сеть семейных кондитерских кофеен O`bakery
3,9241519,https://api.hh.ru/vacancies?employer_id=9241519&locale=RU,АлтайСкан
3,9599765,https://api.hh.ru/vacancies?employer_id=9599765&locale=RU,ТД Алтай-Логистик
3,9747803,https://api.hh.ru/vacancies?employer_id=9747803&locale=RU,Транслайн
3,9857660,https://api.hh.ru/vacancies?employer_id=9857660&locale=RU,Полетех
3,9897494,https://api.hh.ru/vacancies?employer_id=9897494&locale=RU,Белашов Александр Андреевич
3,9992558,https://api.hh.ru/vacancies?employer_id=9992558&locale=RU,ПО Тьютория
3,10115275,https://api.hh.ru/vacancies?employer_id=10115275&locale=RU,Муниципальное бюджетное общеобразовательное учреждение Средняя общеобразовательная школа №50
3,10295412,https://api.hh.ru/vacancies?employer_id=10295412&locale=RU,Промет
3,10300457,https://api.hh.ru/vacancies?employer_id=10300457&locale=RU,Полякова Софья Сергеевна
3,10769335,https://api.hh.ru/vacancies?employer_id=10769335&locale=RU,МБУ города Барнаула Редакция газеты Вечерний Барнаул
3,11356522,https://api.hh.ru/vacancies?employer_id=11356522&locale=RU,МБДОУ Детский Сад №163
3,11597349,https://api.hh.ru/vacancies?employer_id=11597349&locale=RU,Широких Данил Николаевич
2,4571956,https://api.hh.ru/vacancies?employer_id=4571956&locale=RU,Ваш Доктор
2,242871,https://api.hh.ru/vacancies?employer_id=242871&locale=RU,"ВелКен (ТМ Зум-Зум, ТМ Алтайские семечки)"
2,540861,https://api.hh.ru/vacancies?employer_id=540861&locale=RU,Аником
2,849631,https://api.hh.ru/vacancies?employer_id=849631&locale=RU,"Копейка.ру, ТД"
2,874803,https://api.hh.ru/vacancies?employer_id=874803&locale=RU,СиСорт
2,885607,https://api.hh.ru/vacancies?employer_id=885607&locale=RU,X3Group
2,969758,https://api.hh.ru/vacancies?employer_id=969758&locale=RU,Аврора Плюс
2,999516,https://api.hh.ru/vacancies?employer_id=999516&locale=RU,Текстиль центр
2,1061303,https://api.hh.ru/vacancies?employer_id=1061303&locale=RU,"НОВА, Завод отделочных материалов"
2,1184424,https://api.hh.ru/vacancies?employer_id=1184424&locale=RU,Пивной двор
2,1191078,https://api.hh.ru/vacancies?employer_id=1191078&locale=RU,Доктор Мартин
2,1236074,https://api.hh.ru/vacancies?employer_id=1236074&locale=RU,Управление Росреестра по Алтайскому краю
2,1251943,https://api.hh.ru/vacancies?employer_id=1251943&locale=RU,Центр информационных технологий
2,1266295,https://api.hh.ru/vacancies?employer_id=1266295&locale=RU,Салон оптики Спектр ( Петров Н.Н.)
2,1290298,https://api.hh.ru/vacancies?employer_id=1290298&locale=RU,Прямой угол
2,1312823,https://api.hh.ru/vacancies?employer_id=1312823&locale=RU,КАУ МФЦ Алтайского края
2,1313101,https://api.hh.ru/vacancies?employer_id=1313101&locale=RU,Dэнталь-Эстетик
2,1442620,https://api.hh.ru/vacancies?employer_id=1442620&locale=RU,Алтайвита
2,1467619,https://api.hh.ru/vacancies?employer_id=1467619&locale=RU,Коррент
2,1563600,https://api.hh.ru/vacancies?employer_id=1563600&locale=RU,Автошкола-Элит
2,1614052,https://api.hh.ru/vacancies?employer_id=1614052&locale=RU,Энергосервис
2,1758020,https://api.hh.ru/vacancies?employer_id=1758020&locale=RU,Алтайский Медицинский Центр
2,1760802,https://api.hh.ru/vacancies?employer_id=1760802&locale=RU,Гранит Мастер
2,1779862,https://api.hh.ru/vacancies?employer_id=1779862&locale=RU,Завод ЭнергоАльянс
2,1784628,https://api.hh.ru/vacancies?employer_id=1784628&locale=RU,ТК ЗапСибРегион
2,1804479,https://api.hh.ru/vacancies?employer_id=1804479&locale=RU,Ассум
2,1918004,https://api.hh.ru/vacancies?employer_id=1918004&locale=RU,Торговый центр Алтай
2,1932982,https://api.hh.ru/vacancies?employer_id=1932982&locale=RU,Ипонкин BROTHERS
2,1976232,https://api.hh.ru/vacancies?employer_id=1976232&locale=RU,Фактория Джинс
2,1999298,https://api.hh.ru/vacancies?employer_id=1999298&locale=RU,МобиМастер
2,2004417,https://api.hh.ru/vacancies?employer_id=2004417&locale=RU,Сибирская медицинская компания
2,2113275,https://api.hh.ru/vacancies?employer_id=2113275&locale=RU,Благоустройство 2
2,2127567,https://api.hh.ru/vacancies?employer_id=2127567&locale=RU,Альбион-Моторс
2,2130494,https://api.hh.ru/vacancies?employer_id=2130494&locale=RU,АКБ Инновация
2,2226759,https://api.hh.ru/vacancies?employer_id=2226759&locale=RU,ЖКИ
2,2232535,https://api.hh.ru/vacancies?employer_id=2232535&locale=RU,Алтай-Кабель
2,2429296,https://api.hh.ru/vacancies?employer_id=2429296&locale=RU,СМК КИТ
2,2447850,https://api.hh.ru/vacancies?employer_id=2447850&locale=RU,БЦ Ажур
2,2497281,https://api.hh.ru/vacancies?employer_id=2497281&locale=RU,КГБПОУ Международный колледж сыроделия и профессиональных технологий
2,2529701,https://api.hh.ru/vacancies?employer_id=2529701&locale=RU,Стройинжиниринг
2,2577396,https://api.hh.ru/vacancies?employer_id=2577396&locale=RU,МОЛЭКСПЕРТ
2,2610246,https://api.hh.ru/vacancies?employer_id=2610246&locale=RU,Инжиниринговый Центр РУСКРАН
2,2635867,https://api.hh.ru/vacancies?employer_id=2635867&locale=RU,Дэлима
2,2667944,https://api.hh.ru/vacancies?employer_id=2667944&locale=RU,АДК
2,2678240,https://api.hh.ru/vacancies?employer_id=2678240&locale=RU,Кушнерик С.А.
2,2694933,https://api.hh.ru/vacancies?employer_id=2694933&locale=RU,Софтекс
2,2712286,https://api.hh.ru/vacancies?employer_id=2712286&locale=RU,ТПЛ-Сервис
2,2736474,https://api.hh.ru/vacancies?employer_id=2736474&locale=RU,КМ-01 (Мастер Пласт)
2,2758738,https://api.hh.ru/vacancies?employer_id=2758738&locale=RU,Партнер
2,2779339,https://api.hh.ru/vacancies?employer_id=2779339&locale=RU,Алтсинтез
2,2820829,https://api.hh.ru/vacancies?employer_id=2820829&locale=RU,ПромКартон
2,2832210,https://api.hh.ru/vacancies?employer_id=2832210&locale=RU,Веретено
2,2888835,https://api.hh.ru/vacancies?employer_id=2888835&locale=RU,ХЕД ЭНД ХАРТ
2,2917790,https://api.hh.ru/vacancies?employer_id=2917790&locale=RU,МБДОУ Детский сад №149
2,2932584,https://api.hh.ru/vacancies?employer_id=2932584&locale=RU,Аркадо-гранит
2,2960908,https://api.hh.ru/vacancies?employer_id=2960908&locale=RU,Группа Продовольствие
2,2967567,https://api.hh.ru/vacancies?employer_id=2967567&locale=RU,Союз
2,2983098,https://api.hh.ru/vacancies?employer_id=2983098&locale=RU,ТЛК Альтернатива
2,3193231,https://api.hh.ru/vacancies?employer_id=3193231&locale=RU,БиоРост
2,3197935,https://api.hh.ru/vacancies?employer_id=3197935&locale=RU,АЕМ
2,3210742,https://api.hh.ru/vacancies?employer_id=3210742&locale=RU,Даникс
2,3237098,https://api.hh.ru/vacancies?employer_id=3237098&locale=RU,SMART LOGISTIC
2,3250206,https://api.hh.ru/vacancies?employer_id=3250206&locale=RU,СпецАвтоТракт
2,3257489,https://api.hh.ru/vacancies?employer_id=3257489&locale=RU,СИБИНВЕСТ
2,3268801,https://api.hh.ru/vacancies?employer_id=3268801&locale=RU,"Аквамарин, центр дневного пребывания детей"
2,3274467,https://api.hh.ru/vacancies?employer_id=3274467&locale=RU,Оригинал-трейд
2,3278758,https://api.hh.ru/vacancies?employer_id=3278758&locale=RU,Гора Ольга Михайловна
2,3321257,https://api.hh.ru/vacancies?employer_id=3321257&locale=RU,Адалин-строй
2,3329812,https://api.hh.ru/vacancies?employer_id=3329812&locale=RU,Алтайский дом печати
2,3348934,https://api.hh.ru/vacancies?employer_id=3348934&locale=RU,Автошкола Джек
2,3367692,https://api.hh.ru/vacancies?employer_id=3367692&locale=RU,Ваш Балкон
2,3388446,https://api.hh.ru/vacancies?employer_id=3388446&locale=RU,Кулинар
2,3395066,https://api.hh.ru/vacancies?employer_id=3395066&locale=RU,Алтайкрайстат
2,3395990,https://api.hh.ru/vacancies?employer_id=3395990&locale=RU,Жилищно-эксплуатационная компания Петровское
2,3398024,https://api.hh.ru/vacancies?employer_id=3398024&locale=RU,Ресторан Казанова
2,3407197,https://api.hh.ru/vacancies?employer_id=3407197&locale=RU,Сеть магазинов Спортивный мир
2,3409895,https://api.hh.ru/vacancies?employer_id=3409895&locale=RU,Алтайстройдеталь
2,3409935,https://api.hh.ru/vacancies?employer_id=3409935&locale=RU,Автоцентр Тисс Авто
2,3427711,https://api.hh.ru/vacancies?employer_id=3427711&locale=RU,Полянский Константин Александрович
2,3435293,https://api.hh.ru/vacancies?employer_id=3435293&locale=RU,Lumpini
2,3454246,https://api.hh.ru/vacancies?employer_id=3454246&locale=RU,Племпредприятие Барнаульское
2,3499999,https://api.hh.ru/vacancies?employer_id=3499999&locale=RU,Элли
2,3511850,https://api.hh.ru/vacancies?employer_id=3511850&locale=RU,ТД Изобилие
2,3516109,https://api.hh.ru/vacancies?employer_id=3516109&locale=RU,Сибирские инженерные системы
2,3538849,https://api.hh.ru/vacancies?employer_id=3538849&locale=RU,Кедр Солюшенс
2,3555547,https://api.hh.ru/vacancies?employer_id=3555547&locale=RU,УМИТ
2,3556944,https://api.hh.ru/vacancies?employer_id=3556944&locale=RU,Город развлечений Веселкино
2,3562444,https://api.hh.ru/vacancies?employer_id=3562444&locale=RU,ФГКУ Склад № 57
2,3575506,https://api.hh.ru/vacancies?employer_id=3575506&locale=RU,Фогель
2,3655921,https://api.hh.ru/vacancies?employer_id=3655921&locale=RU,Вита-Спорт22
2,3664154,https://api.hh.ru/vacancies?employer_id=3664154&locale=RU,ЭлЛайт
2,3667966,https://api.hh.ru/vacancies?employer_id=3667966&locale=RU,МБУ БЛАГОУСТРОЙСТВО И ОЗЕЛЕНЕНИЕ Г.БАРНАУЛА
2,3680366,https://api.hh.ru/vacancies?employer_id=3680366&locale=RU,СВ-СЕРВИС
2,3706672,https://api.hh.ru/vacancies?employer_id=3706672&locale=RU,Пупков Александр Владимирович
2,3706695,https://api.hh.ru/vacancies?employer_id=3706695&locale=RU,Автоцентр ЮГ
2,3784928,https://api.hh.ru/vacancies?employer_id=3784928&locale=RU,EKS
2,3801294,https://api.hh.ru/vacancies?employer_id=3801294&locale=RU,Компания ХОРСТ
2,3806987,https://api.hh.ru/vacancies?employer_id=3806987&locale=RU,ПКД Здоровье
2,3817194,https://api.hh.ru/vacancies?employer_id=3817194&locale=RU,Автотранссиб
2,3843755,https://api.hh.ru/vacancies?employer_id=3843755&locale=RU,Алтайлестехмаш
2,3900736,https://api.hh.ru/vacancies?employer_id=3900736&locale=RU,Комплексная Интеграция
2,3936942,https://api.hh.ru/vacancies?employer_id=3936942&locale=RU,Алтайагросоюз
2,4014451,https://api.hh.ru/vacancies?employer_id=4014451&locale=RU,КГБУЗ Алтайский Краевой Медицинский Информационно-Аналитический Центр
2,4026498,https://api.hh.ru/vacancies?employer_id=4026498&locale=RU,ТД ДВС
2,4120709,https://api.hh.ru/vacancies?employer_id=4120709&locale=RU,БПЗ-Драфт
2,4145530,https://api.hh.ru/vacancies?employer_id=4145530&locale=RU,КПК Рокс
2,4175210,https://api.hh.ru/vacancies?employer_id=4175210&locale=RU,МБДОУ Детский сад №145
2,4251035,https://api.hh.ru/vacancies?employer_id=4251035&locale=RU,Торис
2,4402558,https://api.hh.ru/vacancies?employer_id=4402558&locale=RU,Группа Транспортных Компаний Райд
2,4427947,https://api.hh.ru/vacancies?employer_id=4427947&locale=RU,Родные просторы
2,4430574,https://api.hh.ru/vacancies?employer_id=4430574&locale=RU,Гинза
2,4464264,https://api.hh.ru/vacancies?employer_id=4464264&locale=RU,Rafam (ИП Гудков Александр Алексеевич)
2,4591771,https://api.hh.ru/vacancies?employer_id=4591771&locale=RU,СК Байкал
2,4607446,https://api.hh.ru/vacancies?employer_id=4607446&locale=RU,Сибстройдвор
2,4615770,https://api.hh.ru/vacancies?employer_id=4615770&locale=RU,АЕМ-Авто
2,4682714,https://api.hh.ru/vacancies?employer_id=4682714&locale=RU,Сибирская тепловая производственная компания
2,4701544,https://api.hh.ru/vacancies?employer_id=4701544&locale=RU,Барнаульский Элеватор
2,4784962,https://api.hh.ru/vacancies?employer_id=4784962&locale=RU,Мастерская детских праздников Андерсен
2,4858321,https://api.hh.ru/vacancies?employer_id=4858321&locale=RU,Логист Трейд
2,4886459,https://api.hh.ru/vacancies?employer_id=4886459&locale=RU,ЦСТ-22
2,4892355,https://api.hh.ru/vacancies?employer_id=4892355&locale=RU,Врб
2,4931142,https://api.hh.ru/vacancies?employer_id=4931142&locale=RU,AaPPLE
2,4997472,https://api.hh.ru/vacancies?employer_id=4997472&locale=RU,ПК Преображение
2,5000931,https://api.hh.ru/vacancies?employer_id=5000931&locale=RU,Агроимпорт Ритейл
2,5029519,https://api.hh.ru/vacancies?employer_id=5029519&locale=RU,B2B All Service
2,5081535,https://api.hh.ru/vacancies?employer_id=5081535&locale=RU,Чернаков Денис Анатольевич
2,5081601,https://api.hh.ru/vacancies?employer_id=5081601&locale=RU,Алтайэнергосоюз
2,5105132,https://api.hh.ru/vacancies?employer_id=5105132&locale=RU,Маг
2,5158277,https://api.hh.ru/vacancies?employer_id=5158277&locale=RU,TeamСтройИТ
2,5170143,https://api.hh.ru/vacancies?employer_id=5170143&locale=RU,Успешный и Партнеры
2,5234142,https://api.hh.ru/vacancies?employer_id=5234142&locale=RU,Филиал ФКУ Налог-Сервис ФНС России в Алтайском крае и Республике Алтай
2,5256449,https://api.hh.ru/vacancies?employer_id=5256449&locale=RU,МАДОУ ДЕТСКИЙ САД №267
2,5261582,https://api.hh.ru/vacancies?employer_id=5261582&locale=RU,Кормильцева Арина Владимировна
2,5288044,https://api.hh.ru/vacancies?employer_id=5288044&locale=RU,Пекарня Хлебоmania
2,5332478,https://api.hh.ru/vacancies?employer_id=5332478&locale=RU,Пивпром
2,5343569,https://api.hh.ru/vacancies?employer_id=5343569&locale=RU,КГБПОУ Алтайский транспортный техникум
2,5356532,https://api.hh.ru/vacancies?employer_id=5356532&locale=RU,Devquality
2,5445173,https://api.hh.ru/vacancies?employer_id=5445173&locale=RU,Окуньков Александр Генадьевич
2,5447320,https://api.hh.ru/vacancies?employer_id=5447320&locale=RU,Дентэксперт
2,5502649,https://api.hh.ru/vacancies?employer_id=5502649&locale=RU,Функциональные ингредиенты
2,5513890,https://api.hh.ru/vacancies?employer_id=5513890&locale=RU,Ремточстрой Инжиниринг
2,5516952,https://api.hh.ru/vacancies?employer_id=5516952&locale=RU,КГАУ Краевой дворец молодежи
2,5563294,https://api.hh.ru/vacancies?employer_id=5563294&locale=RU,Gardeur
2,5575072,https://api.hh.ru/vacancies?employer_id=5575072&locale=RU,Сеть салонов ДОМ ДВЕРЕЙ
2,5617436,https://api.hh.ru/vacancies?employer_id=5617436&locale=RU,Торговый Дом РегионЭнергоРесурс
2,5862712,https://api.hh.ru/vacancies?employer_id=5862712&locale=RU,СЗ Т-Строй
2,5865150,https://api.hh.ru/vacancies?employer_id=5865150&locale=RU,Полиак
2,5892428,https://api.hh.ru/vacancies?employer_id=5892428&locale=RU,Польгерт Ксения Евгеньевна
2,5990391,https://api.hh.ru/vacancies?employer_id=5990391&locale=RU,Киберия
2,5990990,https://api.hh.ru/vacancies?employer_id=5990990&locale=RU,Сафронов Юрий Николаевич
2,5993497,https://api.hh.ru/vacancies?employer_id=5993497&locale=RU,Студия цветов Азалия
2,6063743,https://api.hh.ru/vacancies?employer_id=6063743&locale=RU,Востокбурвод-Инвест
2,6096951,https://api.hh.ru/vacancies?employer_id=6096951&locale=RU,Эксперт
2,6106645,https://api.hh.ru/vacancies?employer_id=6106645&locale=RU,Гарант Плюс
2,8888141,https://api.hh.ru/vacancies?employer_id=8888141&locale=RU,Лаврищева Мария Сергеевна
2,8890840,https://api.hh.ru/vacancies?employer_id=8890840&locale=RU,Гостиница Турист
2,8897635,https://api.hh.ru/vacancies?employer_id=8897635&locale=RU,Алтайская Упаковка
2,8926059,https://api.hh.ru/vacancies?employer_id=8926059&locale=RU,"Мебель Поволжья, филиал в г.Барнаул"
2,8945484,https://api.hh.ru/vacancies?employer_id=8945484&locale=RU,АНК-СИНТЕЗ
2,8983726,https://api.hh.ru/vacancies?employer_id=8983726&locale=RU,Стандарт-Энерго
2,9211295,https://api.hh.ru/vacancies?employer_id=9211295&locale=RU,Водан
2,9318379,https://api.hh.ru/vacancies?employer_id=9318379&locale=RU,Контур
2,9403757,https://api.hh.ru/vacancies?employer_id=9403757&locale=RU,Баррель
2,9423071,https://api.hh.ru/vacancies?employer_id=9423071&locale=RU,Тимвайз Про
2,9514190,https://api.hh.ru/vacancies?employer_id=9514190&locale=RU,Vino Lounge
2,9540234,https://api.hh.ru/vacancies?employer_id=9540234&locale=RU,Дергунов Максим Васильевич
2,9561670,https://api.hh.ru/vacancies?employer_id=9561670&locale=RU,Лемма
2,9614304,https://api.hh.ru/vacancies?employer_id=9614304&locale=RU,Любимая Пекарня (ИП Гусева Наталья Николаевна)
2,9618927,https://api.hh.ru/vacancies?employer_id=9618927&locale=RU,АЕ-Моторс
2,9647731,https://api.hh.ru/vacancies?employer_id=9647731&locale=RU,Агро Промышленная Корпорация Алтай Эко Сорт
2,9667581,https://api.hh.ru/vacancies?employer_id=9667581&locale=RU,RossoForni
2,9778399,https://api.hh.ru/vacancies?employer_id=9778399&locale=RU,ВЛАДИС ( ИП Жерноклев Павел Игоревич)
2,9853444,https://api.hh.ru/vacancies?employer_id=9853444&locale=RU,Фалалеев Алексей Владимирович
2,9856719,https://api.hh.ru/vacancies?employer_id=9856719&locale=RU,СК Концепт
2,9858470,https://api.hh.ru/vacancies?employer_id=9858470&locale=RU,Гамеева Ирина Александровна
2,9869838,https://api.hh.ru/vacancies?employer_id=9869838&locale=RU,Вудварс
2,9877504,https://api.hh.ru/vacancies?employer_id=9877504&locale=RU,ПСК Модуль
2,10040097,https://api.hh.ru/vacancies?employer_id=10040097&locale=RU,Люси Готовит
2,10062279,https://api.hh.ru/vacancies?employer_id=10062279&locale=RU,WantTasty
2,10070746,https://api.hh.ru/vacancies?employer_id=10070746&locale=RU,Медведев Вячеслав Сергеевич
2,10132168,https://api.hh.ru/vacancies?employer_id=10132168&locale=RU,Студия маникюра NUDE
2,10141272,https://api.hh.ru/vacancies?employer_id=10141272&locale=RU,ТК Альянс
2,10186690,https://api.hh.ru/vacancies?employer_id=10186690&locale=RU,ЗАКЭО групп
2,10195514,https://api.hh.ru/vacancies?employer_id=10195514&locale=RU,Кобызев Евгений Юрьевич
2,10271419,https://api.hh.ru/vacancies?employer_id=10271419&locale=RU,Газтехсервис
2,10325509,https://api.hh.ru/vacancies?employer_id=10325509&locale=RU,Эхм
2,10332747,https://api.hh.ru/vacancies?employer_id=10332747&locale=RU,Пешков Валериан Евгеньевич
2,10358622,https://api.hh.ru/vacancies?employer_id=10358622&locale=RU,ЗАРЯ
2,10371465,https://api.hh.ru/vacancies?employer_id=10371465&locale=RU,Алтайский маслозавод
2,10393857,https://api.hh.ru/vacancies?employer_id=10393857&locale=RU,Многопрофильная Транспортная Компания Эволюция
2,10558529,https://api.hh.ru/vacancies?employer_id=10558529&locale=RU,Апекс
2,10696750,https://api.hh.ru/vacancies?employer_id=10696750&locale=RU,Савади
2,10858850,https://api.hh.ru/vacancies?employer_id=10858850&locale=RU,Старик Хинкалыч (ООО СХ-Барнаул)
2,10866372,https://api.hh.ru/vacancies?employer_id=10866372&locale=RU,Индустрия Алтая
2,10868213,https://api.hh.ru/vacancies?employer_id=10868213&locale=RU,Flowers De Luxe
2,10888345,https://api.hh.ru/vacancies?employer_id=10888345&locale=RU,Торговый Дом Корвус
2,10919620,https://api.hh.ru/vacancies?employer_id=10919620&locale=RU,Алтайская таможня
2,10969179,https://api.hh.ru/vacancies?employer_id=10969179&locale=RU,Бушмин Вячеслав
2,10992831,https://api.hh.ru/vacancies?employer_id=10992831&locale=RU,Шестаков Владимир Николаевич
2,11013777,https://api.hh.ru/vacancies?employer_id=11013777&locale=RU,Аргентум
2,11063124,https://api.hh.ru/vacancies?employer_id=11063124&locale=RU,Авторитет
2,11070638,https://api.hh.ru/vacancies?employer_id=11070638&locale=RU,Лаборатория Улыбок
2,11074786,https://api.hh.ru/vacancies?employer_id=11074786&locale=RU,Киберэкс
2,11278763,https://api.hh.ru/vacancies?employer_id=11278763&locale=RU,Успех
2,11367288,https://api.hh.ru/vacancies?employer_id=11367288&locale=RU,Коростелева Марина Александровна
2,11417995,https://api.hh.ru/vacancies?employer_id=11417995&locale=RU,АПТЕКА АНТУРИУМ
2,11450135,https://api.hh.ru/vacancies?employer_id=11450135&locale=RU,Смирнов Денис Евгеньевич
2,11504669,https://api.hh.ru/vacancies?employer_id=11504669&locale=RU,Кадровое агентство HR NavigatoR (ИП Грищенко Александр Игоревич)
2,11528334,https://api.hh.ru/vacancies?employer_id=11528334&locale=RU,ИВЭП СО РАН
2,11528733,https://api.hh.ru/vacancies?employer_id=11528733&locale=RU,Градострой
2,11529450,https://api.hh.ru/vacancies?employer_id=11529450&locale=RU,Хачатрян Нораир Тигранович
2,11540611,https://api.hh.ru/vacancies?employer_id=11540611&locale=RU,Барнаульский тракторный завод
2,11562111,https://api.hh.ru/vacancies?employer_id=11562111&locale=RU,Азбука
2,11648181,https://api.hh.ru/vacancies?employer_id=11648181&locale=RU,Фитонаука
2,11650196,https://api.hh.ru/vacancies?employer_id=11650196&locale=RU,Щемелинин Александр Владимирович
2,11676568,https://api.hh.ru/vacancies?employer_id=11676568&locale=RU,Тотмин Вадим Сергеевич
2,11769714,https://api.hh.ru/vacancies?employer_id=11769714&locale=RU,Энерго-ТЭК
2,11773186,https://api.hh.ru/vacancies?employer_id=11773186&locale=RU,Uno bistro
2,11774434,https://api.hh.ru/vacancies?employer_id=11774434&locale=RU,Трофимова Елена Сергеевна
2,11784571,https://api.hh.ru/vacancies?employer_id=11784571&locale=RU,Клин Клиник Алтай
1,11770433,https://api.hh.ru/vacancies?employer_id=11770433&locale=RU,Молчанов Андрей Анатольевич
1,189583,https://api.hh.ru/vacancies?employer_id=189583&locale=RU,Котельный Завод Рэп
1,245694,https://api.hh.ru/vacancies?employer_id=245694&locale=RU,"АНТ, Автоцентр"
1,612456,https://api.hh.ru/vacancies?employer_id=612456&locale=RU,РПК АртСити
1,709844,https://api.hh.ru/vacancies?employer_id=709844&locale=RU,Алтайский трансформаторный завод
1,712172,https://api.hh.ru/vacancies?employer_id=712172&locale=RU,БАКО+
1,785461,https://api.hh.ru/vacancies?employer_id=785461&locale=RU,Санаторий Алтай
1,867913,https://api.hh.ru/vacancies?employer_id=867913&locale=RU,Студия Росбизнесмедика
1,909532,https://api.hh.ru/vacancies?employer_id=909532&locale=RU,Консиб
1,911519,https://api.hh.ru/vacancies?employer_id=911519&locale=RU,Спецобъединение-Сибирь
1,914813,https://api.hh.ru/vacancies?employer_id=914813&locale=RU,БТП
1,967742,https://api.hh.ru/vacancies?employer_id=967742&locale=RU,Алтайнефть
1,1052434,https://api.hh.ru/vacancies?employer_id=1052434&locale=RU,Центр дополнительного образования
1,1063071,https://api.hh.ru/vacancies?employer_id=1063071&locale=RU,СИБСОЦБАНК
1,1072371,https://api.hh.ru/vacancies?employer_id=1072371&locale=RU,RENAULT-Барнаул
1,1081698,https://api.hh.ru/vacancies?employer_id=1081698&locale=RU,Производственное Объединение Алмаш
1,1095383,https://api.hh.ru/vacancies?employer_id=1095383&locale=RU,ХимПром
1,1156773,https://api.hh.ru/vacancies?employer_id=1156773&locale=RU,Юста
1,1177004,https://api.hh.ru/vacancies?employer_id=1177004&locale=RU,Деловые решения
1,1187135,https://api.hh.ru/vacancies?employer_id=1187135&locale=RU,КДЦ Детское здоровье
1,1204278,https://api.hh.ru/vacancies?employer_id=1204278&locale=RU,Билингвальный детский сад Bambini
1,1237095,https://api.hh.ru/vacancies?employer_id=1237095&locale=RU,Сити Трейд
1,1262895,https://api.hh.ru/vacancies?employer_id=1262895&locale=RU,1+1
1,1264864,https://api.hh.ru/vacancies?employer_id=1264864&locale=RU,EcoMax
1,1306727,https://api.hh.ru/vacancies?employer_id=1306727&locale=RU,Кивля Я. Е.
1,1307667,https://api.hh.ru/vacancies?employer_id=1307667&locale=RU,Салунин К. В
1,1380952,https://api.hh.ru/vacancies?employer_id=1380952&locale=RU,ТД Касмалинский
1,1393663,https://api.hh.ru/vacancies?employer_id=1393663&locale=RU,Термостиль
1,1499573,https://api.hh.ru/vacancies?employer_id=1499573&locale=RU,Любимый Дом
1,1515043,https://api.hh.ru/vacancies?employer_id=1515043&locale=RU,ГАММА
1,1552653,https://api.hh.ru/vacancies?employer_id=1552653&locale=RU,ТК Гермес
1,1573082,https://api.hh.ru/vacancies?employer_id=1573082&locale=RU,Центр эстетической медицины Лагуна
1,1581619,https://api.hh.ru/vacancies?employer_id=1581619&locale=RU,АЛЬФ-А
1,1587965,https://api.hh.ru/vacancies?employer_id=1587965&locale=RU,ТПК СибМашИндустрия
1,1591493,https://api.hh.ru/vacancies?employer_id=1591493&locale=RU,ИннТех-Сервис
1,1601069,https://api.hh.ru/vacancies?employer_id=1601069&locale=RU,ЦВМР Пигмалион
1,1626084,https://api.hh.ru/vacancies?employer_id=1626084&locale=RU,Эктив
1,1628715,https://api.hh.ru/vacancies?employer_id=1628715&locale=RU,Домофон-Центр
1,1645707,https://api.hh.ru/vacancies?employer_id=1645707&locale=RU,Спутниковые Системы Мониторинга
1,1649498,https://api.hh.ru/vacancies?employer_id=1649498&locale=RU,ТПК Трастинвест
1,1655740,https://api.hh.ru/vacancies?employer_id=1655740&locale=RU,Одуванчик
1,1656872,https://api.hh.ru/vacancies?employer_id=1656872&locale=RU,Клиника Доктора Кулик
1,1664224,https://api.hh.ru/vacancies?employer_id=1664224&locale=RU,ФГБОУ ДПО Алтайский институт повышения квалификации руководителей и специалистов агропромышленного комплекса
1,1668480,https://api.hh.ru/vacancies?employer_id=1668480&locale=RU,"Соцветие, ТВЦ"
1,1732879,https://api.hh.ru/vacancies?employer_id=1732879&locale=RU,Арбитражный управляющий Кобзев Сергей Викторович
1,1793674,https://api.hh.ru/vacancies?employer_id=1793674&locale=RU,ЦПБ Регламент
1,1935282,https://api.hh.ru/vacancies?employer_id=1935282&locale=RU,Гравитон
1,1949688,https://api.hh.ru/vacancies?employer_id=1949688&locale=RU,Полезные системы
1,1979874,https://api.hh.ru/vacancies?employer_id=1979874&locale=RU,Лось и ножницы
1,2070130,https://api.hh.ru/vacancies?employer_id=2070130&locale=RU,Центр Автоматизации iPOS
1,2125782,https://api.hh.ru/vacancies?employer_id=2125782&locale=RU,Торговый дом Громадный
1,2127197,https://api.hh.ru/vacancies?employer_id=2127197&locale=RU,Макулатура сибири
1,2148976,https://api.hh.ru/vacancies?employer_id=2148976&locale=RU,Кушай Суши
1,2191719,https://api.hh.ru/vacancies?employer_id=2191719&locale=RU,ЧУ ДПО Учебно-Информационный Центр
1,2220365,https://api.hh.ru/vacancies?employer_id=2220365&locale=RU,ПРОМА
1,2222137,https://api.hh.ru/vacancies?employer_id=2222137&locale=RU,Научно-технический центр Проф-ИТ
1,2266415,https://api.hh.ru/vacancies?employer_id=2266415&locale=RU,АгроСевТорг
1,2275946,https://api.hh.ru/vacancies?employer_id=2275946&locale=RU,Оптимист Сибирь
1,2275957,https://api.hh.ru/vacancies?employer_id=2275957&locale=RU,Городок-ТВ
1,2307564,https://api.hh.ru/vacancies?employer_id=2307564&locale=RU,Лексикон
1,2308678,https://api.hh.ru/vacancies?employer_id=2308678&locale=RU,ПС
1,2393124,https://api.hh.ru/vacancies?employer_id=2393124&locale=RU,Пилон
1,2455104,https://api.hh.ru/vacancies?employer_id=2455104&locale=RU,АРС22
1,2486624,https://api.hh.ru/vacancies?employer_id=2486624&locale=RU,Автомагистраль
1,2496098,https://api.hh.ru/vacancies?employer_id=2496098&locale=RU,Партнер-Тара
1,2560323,https://api.hh.ru/vacancies?employer_id=2560323&locale=RU,Вишня22
1,2570387,https://api.hh.ru/vacancies?employer_id=2570387&locale=RU,Топ Смарт
1,2572085,https://api.hh.ru/vacancies?employer_id=2572085&locale=RU,Центр содействия занятости и безопасности труда (ЦЗБТ)
1,2582151,https://api.hh.ru/vacancies?employer_id=2582151&locale=RU,СИТЭК
1,2608482,https://api.hh.ru/vacancies?employer_id=2608482&locale=RU,Союз СРО Дорожники и строители Алтая
1,2612150,https://api.hh.ru/vacancies?employer_id=2612150&locale=RU,Стекло-Дизайн
1,2620031,https://api.hh.ru/vacancies?employer_id=2620031&locale=RU,АвтоСпасРегион22
1,2620100,https://api.hh.ru/vacancies?employer_id=2620100&locale=RU,Омникомм Алтай
1,2625540,https://api.hh.ru/vacancies?employer_id=2625540&locale=RU,Салон красоты «Эксклюзив»
1,2626543,https://api.hh.ru/vacancies?employer_id=2626543&locale=RU,Фабрика дверей PORTALLE
1,2633868,https://api.hh.ru/vacancies?employer_id=2633868&locale=RU,ФГБУ ЦЛАТИ ПО Алтайскому краю
1,2636121,https://api.hh.ru/vacancies?employer_id=2636121&locale=RU,ГК АЛГОРИТМ
1,2658868,https://api.hh.ru/vacancies?employer_id=2658868&locale=RU,НОВА-Компоненты
1,2659207,https://api.hh.ru/vacancies?employer_id=2659207&locale=RU,ВЫБОР СИБИРИ
1,2660728,https://api.hh.ru/vacancies?employer_id=2660728&locale=RU,Акмилайт
1,2662873,https://api.hh.ru/vacancies?employer_id=2662873&locale=RU,Жинкина Наталья Егоровна
1,2675599,https://api.hh.ru/vacancies?employer_id=2675599&locale=RU,Фаворит Сибири
1,2683254,https://api.hh.ru/vacancies?employer_id=2683254&locale=RU,ЗИЛ-Гарант
1,2687508,https://api.hh.ru/vacancies?employer_id=2687508&locale=RU,СК ПЛАТФОРМА СИБИРЬ
1,2704629,https://api.hh.ru/vacancies?employer_id=2704629&locale=RU,Алтайская Стоматологическая Клиника Эстетика
1,2706050,https://api.hh.ru/vacancies?employer_id=2706050&locale=RU,Лингва Клаб
1,2724666,https://api.hh.ru/vacancies?employer_id=2724666&locale=RU,Арлиан
1,2730842,https://api.hh.ru/vacancies?employer_id=2730842&locale=RU,Райдер
1,2743271,https://api.hh.ru/vacancies?employer_id=2743271&locale=RU,ЦС Сириус
1,2744442,https://api.hh.ru/vacancies?employer_id=2744442&locale=RU,Торгово-сервисный центр Авангард
1,2748741,https://api.hh.ru/vacancies?employer_id=2748741&locale=RU,Беликов Антон Александрович
1,2764730,https://api.hh.ru/vacancies?employer_id=2764730&locale=RU,Парк-отель Чайка
1,2773767,https://api.hh.ru/vacancies?employer_id=2773767&locale=RU,АлтайТИСИз
1,2782101,https://api.hh.ru/vacancies?employer_id=2782101&locale=RU,Силуэт
1,2801237,https://api.hh.ru/vacancies?employer_id=2801237&locale=RU,ЧОП Цербер
1,2821391,https://api.hh.ru/vacancies?employer_id=2821391&locale=RU,НОВОДЕНТ
1,2838750,https://api.hh.ru/vacancies?employer_id=2838750&locale=RU,Стоматологическая Клиника Созвездие
1,2850600,https://api.hh.ru/vacancies?employer_id=2850600&locale=RU,Красный Кит
1,2852457,https://api.hh.ru/vacancies?employer_id=2852457&locale=RU,МАКСИМУМ
1,2852537,https://api.hh.ru/vacancies?employer_id=2852537&locale=RU,Барнаульская классическая школа
1,2856417,https://api.hh.ru/vacancies?employer_id=2856417&locale=RU,ПЗК
1,2868393,https://api.hh.ru/vacancies?employer_id=2868393&locale=RU,Сибирский Центр Автоматизации
1,2900419,https://api.hh.ru/vacancies?employer_id=2900419&locale=RU,ПМ-Авто
1,2914610,https://api.hh.ru/vacancies?employer_id=2914610&locale=RU,Творческая студия BROOKLYN
1,2925533,https://api.hh.ru/vacancies?employer_id=2925533&locale=RU,Валниц
1,2926626,https://api.hh.ru/vacancies?employer_id=2926626&locale=RU,ЭнергомашИнжиниринг
1,2941566,https://api.hh.ru/vacancies?employer_id=2941566&locale=RU,БПЗ-прямая доставка
1,2963335,https://api.hh.ru/vacancies?employer_id=2963335&locale=RU,Новый рынок
1,2978144,https://api.hh.ru/vacancies?employer_id=2978144&locale=RU,Стоматологическая клиника Доктор Смайл
1,2979762,https://api.hh.ru/vacancies?employer_id=2979762&locale=RU,АФ РАНХиГС
1,2997105,https://api.hh.ru/vacancies?employer_id=2997105&locale=RU,Барнаульский Силикатный Завод
1,3040459,https://api.hh.ru/vacancies?employer_id=3040459&locale=RU,Васенина Ольга Викторовна
1,3049201,https://api.hh.ru/vacancies?employer_id=3049201&locale=RU,Сырок
1,3084738,https://api.hh.ru/vacancies?employer_id=3084738&locale=RU,Комфортный Сон
1,3094610,https://api.hh.ru/vacancies?employer_id=3094610&locale=RU,Торговый дом Евразия
1,3124479,https://api.hh.ru/vacancies?employer_id=3124479&locale=RU,Нефтепродукт
1,3126951,https://api.hh.ru/vacancies?employer_id=3126951&locale=RU,Е1 Медиа
1,3143871,https://api.hh.ru/vacancies?employer_id=3143871&locale=RU,АлтайСвязьСервис
1,3143886,https://api.hh.ru/vacancies?employer_id=3143886&locale=RU,Аукцион
1,3158266,https://api.hh.ru/vacancies?employer_id=3158266&locale=RU,Торгшина
1,3190899,https://api.hh.ru/vacancies?employer_id=3190899&locale=RU,Управление имущественных отношений Алтайского края
1,3191393,https://api.hh.ru/vacancies?employer_id=3191393&locale=RU,Амикар
1,3203894,https://api.hh.ru/vacancies?employer_id=3203894&locale=RU,Барс
1,3208033,https://api.hh.ru/vacancies?employer_id=3208033&locale=RU,ТОРТиТОЧКА
1,3232471,https://api.hh.ru/vacancies?employer_id=3232471&locale=RU,Форест-МТ
1,3247960,https://api.hh.ru/vacancies?employer_id=3247960&locale=RU,Компания Земпроект
1,3268699,https://api.hh.ru/vacancies?employer_id=3268699&locale=RU,Карнеол
1,3274866,https://api.hh.ru/vacancies?employer_id=3274866&locale=RU,ИСК Авангард
1,3283296,https://api.hh.ru/vacancies?employer_id=3283296&locale=RU,Алтайгидромаркет
1,3287931,https://api.hh.ru/vacancies?employer_id=3287931&locale=RU,МАДОУ Детский сад №252
1,3292924,https://api.hh.ru/vacancies?employer_id=3292924&locale=RU,СЭМЗ
1,3295785,https://api.hh.ru/vacancies?employer_id=3295785&locale=RU,CTC
1,3295847,https://api.hh.ru/vacancies?employer_id=3295847&locale=RU,СибирьАвто
1,3307281,https://api.hh.ru/vacancies?employer_id=3307281&locale=RU,Сибирская Ветеринарная компания
1,3346591,https://api.hh.ru/vacancies?employer_id=3346591&locale=RU,Госталт
1,3356692,https://api.hh.ru/vacancies?employer_id=3356692&locale=RU,Аптека Лек-Сота
1,3376398,https://api.hh.ru/vacancies?employer_id=3376398&locale=RU,ЧОП Багира плюс
1,3416306,https://api.hh.ru/vacancies?employer_id=3416306&locale=RU,Barrel
1,3424889,https://api.hh.ru/vacancies?employer_id=3424889&locale=RU,МБУ Автодорстрой г.Барнаула
1,3428480,https://api.hh.ru/vacancies?employer_id=3428480&locale=RU,ГК Концерн
1,3461154,https://api.hh.ru/vacancies?employer_id=3461154&locale=RU,Sweeter
1,3472158,https://api.hh.ru/vacancies?employer_id=3472158&locale=RU,Теннисный клуб Чемпион
1,3490984,https://api.hh.ru/vacancies?employer_id=3490984&locale=RU,Сигарев Олег Александрович
1,3516172,https://api.hh.ru/vacancies?employer_id=3516172&locale=RU,Зебра
1,3519437,https://api.hh.ru/vacancies?employer_id=3519437&locale=RU,КГБУ СП КСШОР
1,3557006,https://api.hh.ru/vacancies?employer_id=3557006&locale=RU,КОМПАНИЯ СИБИРЬАВТОЦЕНТР
1,3570739,https://api.hh.ru/vacancies?employer_id=3570739&locale=RU,Торговый дом Вьюга
1,3577377,https://api.hh.ru/vacancies?employer_id=3577377&locale=RU,Barbershop Brutal Guys
1,3584626,https://api.hh.ru/vacancies?employer_id=3584626&locale=RU,ФОРЖ СЕРВИС
1,3601702,https://api.hh.ru/vacancies?employer_id=3601702&locale=RU,Барнаульский зоопарк Лесная сказка
1,3617011,https://api.hh.ru/vacancies?employer_id=3617011&locale=RU,Биофарм Алтай
1,3667578,https://api.hh.ru/vacancies?employer_id=3667578&locale=RU,Коммунальная инициатива
1,3673385,https://api.hh.ru/vacancies?employer_id=3673385&locale=RU,Торгово- производственная компания (ИП Куринной Константин Анатольевич)
1,3682369,https://api.hh.ru/vacancies?employer_id=3682369&locale=RU,Алтай СБ
1,3687631,https://api.hh.ru/vacancies?employer_id=3687631&locale=RU,ККЗ ВВ Медикал
1,3730269,https://api.hh.ru/vacancies?employer_id=3730269&locale=RU,Гидрострой
1,3731925,https://api.hh.ru/vacancies?employer_id=3731925&locale=RU,Швейная фабрика Авангард
1,3785853,https://api.hh.ru/vacancies?employer_id=3785853&locale=RU,ДИЗЕЛЬ
1,3806852,https://api.hh.ru/vacancies?employer_id=3806852&locale=RU,Sokolovoles
1,3844497,https://api.hh.ru/vacancies?employer_id=3844497&locale=RU,Барнаул Бетон
1,3847557,https://api.hh.ru/vacancies?employer_id=3847557&locale=RU,ГИГАНТ-ДВЕРИ (ИП Вальтер Константин Михайлович)
1,3861839,https://api.hh.ru/vacancies?employer_id=3861839&locale=RU,Три Карпа
1,3870600,https://api.hh.ru/vacancies?employer_id=3870600&locale=RU,АКВАРЕЛЬ
1,3883497,https://api.hh.ru/vacancies?employer_id=3883497&locale=RU,Прометей
1,3902986,https://api.hh.ru/vacancies?employer_id=3902986&locale=RU,Малахит
1,3918020,https://api.hh.ru/vacancies?employer_id=3918020&locale=RU,Гипалтай
1,3933265,https://api.hh.ru/vacancies?employer_id=3933265&locale=RU,Суши Lavka
1,3936485,https://api.hh.ru/vacancies?employer_id=3936485&locale=RU,Форт-плюс
1,3942597,https://api.hh.ru/vacancies?employer_id=3942597&locale=RU,СилэнИнвест
1,3942684,https://api.hh.ru/vacancies?employer_id=3942684&locale=RU,КУРОРТЫ РОССИИ
1,3945978,https://api.hh.ru/vacancies?employer_id=3945978&locale=RU,Сатурн
1,3945981,https://api.hh.ru/vacancies?employer_id=3945981&locale=RU,Авер
1,3949314,https://api.hh.ru/vacancies?employer_id=3949314&locale=RU,Котлы Сибири
1,3966930,https://api.hh.ru/vacancies?employer_id=3966930&locale=RU,СибРоад
1,3968719,https://api.hh.ru/vacancies?employer_id=3968719&locale=RU,Доктор Мэм
1,3973281,https://api.hh.ru/vacancies?employer_id=3973281&locale=RU,ТД ИСТ ЛАЙН
1,3975179,https://api.hh.ru/vacancies?employer_id=3975179&locale=RU,Роне+
1,3979500,https://api.hh.ru/vacancies?employer_id=3979500&locale=RU,LULU (ИП Долгополова Татьяна Вольдемаровна)
1,4009862,https://api.hh.ru/vacancies?employer_id=4009862&locale=RU,Механика
1,4016174,https://api.hh.ru/vacancies?employer_id=4016174&locale=RU,Yale Family Group
1,4026859,https://api.hh.ru/vacancies?employer_id=4026859&locale=RU,Студия растяжки Lady Stretch
1,4034916,https://api.hh.ru/vacancies?employer_id=4034916&locale=RU,НПО Рост
1,4035166,https://api.hh.ru/vacancies?employer_id=4035166&locale=RU,СМЦ-Трейд
1,4050756,https://api.hh.ru/vacancies?employer_id=4050756&locale=RU,Эластобетон
1,4065703,https://api.hh.ru/vacancies?employer_id=4065703&locale=RU,ЗЭО ЭнергоСталь
1,4071734,https://api.hh.ru/vacancies?employer_id=4071734&locale=RU,ПК Формула
1,4092780,https://api.hh.ru/vacancies?employer_id=4092780&locale=RU,Аск-Колор
1,4095775,https://api.hh.ru/vacancies?employer_id=4095775&locale=RU,Ландора
1,4108694,https://api.hh.ru/vacancies?employer_id=4108694&locale=RU,Sahar&Vosk (ИП Деханд Евгения Юрьевна)
1,4122365,https://api.hh.ru/vacancies?employer_id=4122365&locale=RU,Гранкина Оксана Николаевна
1,4133820,https://api.hh.ru/vacancies?employer_id=4133820&locale=RU,ЭЛСИБ
1,4136548,https://api.hh.ru/vacancies?employer_id=4136548&locale=RU,Есипова Наталья Николаевна
1,4177600,https://api.hh.ru/vacancies?employer_id=4177600&locale=RU,Технодром
1,4189157,https://api.hh.ru/vacancies?employer_id=4189157&locale=RU,А Групп
1,4198228,https://api.hh.ru/vacancies?employer_id=4198228&locale=RU,"КГБУЗ Городская поликлиника № 1, г. Барнаул"
1,4218718,https://api.hh.ru/vacancies?employer_id=4218718&locale=RU,Сотникова Наталья Робертовна
1,4236275,https://api.hh.ru/vacancies?employer_id=4236275&locale=RU,Гуляевская Гимназия
1,4242730,https://api.hh.ru/vacancies?employer_id=4242730&locale=RU,1001 Роза
1,4244079,https://api.hh.ru/vacancies?employer_id=4244079&locale=RU,"КГБОУ Для Обучающихся, Воспитанников с Ограниченными Возможностями Здоровья Барнаульская Общеобразовательная Школа-Интернат № 3"
1,4259635,https://api.hh.ru/vacancies?employer_id=4259635&locale=RU,Союз-Жби
1,4267453,https://api.hh.ru/vacancies?employer_id=4267453&locale=RU,Цветочный салон Розмарин
1,4277520,https://api.hh.ru/vacancies?employer_id=4277520&locale=RU,Представитель компании Экослип
1,4283416,https://api.hh.ru/vacancies?employer_id=4283416&locale=RU,Крестьянское Фермерское Хозяйство Яромакс
1,4283824,https://api.hh.ru/vacancies?employer_id=4283824&locale=RU,Студия портретов PodariHolst
1,4301734,https://api.hh.ru/vacancies?employer_id=4301734&locale=RU,НТЦ Дорожные Технологии
1,4302499,https://api.hh.ru/vacancies?employer_id=4302499&locale=RU,Стоматология Серебряковых
1,4305678,https://api.hh.ru/vacancies?employer_id=4305678&locale=RU,Сытный корм
1,4310335,https://api.hh.ru/vacancies?employer_id=4310335&locale=RU,Медицинский центр Точка зрения
1,4314329,https://api.hh.ru/vacancies?employer_id=4314329&locale=RU,Гидроснаб
1,4314452,https://api.hh.ru/vacancies?employer_id=4314452&locale=RU,Сеть фитнес-клубов АВРОРА
1,4399026,https://api.hh.ru/vacancies?employer_id=4399026&locale=RU,Здорово Жить
1,4410406,https://api.hh.ru/vacancies?employer_id=4410406&locale=RU,Опт-Автоваз
1,4419375,https://api.hh.ru/vacancies?employer_id=4419375&locale=RU,Бухгалтер Профи
1,4435675,https://api.hh.ru/vacancies?employer_id=4435675&locale=RU,Altairika (ИП Пластинин Юрий Юрьевич)
1,4438217,https://api.hh.ru/vacancies?employer_id=4438217&locale=RU,Барнаульский Филиал Казэнергомаш
1,4442271,https://api.hh.ru/vacancies?employer_id=4442271&locale=RU,Лифтовой Центр
1,4458577,https://api.hh.ru/vacancies?employer_id=4458577&locale=RU,Алтайское Бюро Оценки
1,4468880,https://api.hh.ru/vacancies?employer_id=4468880&locale=RU,Быков Владислав Владимирович
1,4476275,https://api.hh.ru/vacancies?employer_id=4476275&locale=RU,Инвестконсалт
1,4480160,https://api.hh.ru/vacancies?employer_id=4480160&locale=RU,Алтайский Дом туризма
1,4480547,https://api.hh.ru/vacancies?employer_id=4480547&locale=RU,Арбитражный суд Алтайского края
1,4483279,https://api.hh.ru/vacancies?employer_id=4483279&locale=RU,Сибирьтранс
1,4488813,https://api.hh.ru/vacancies?employer_id=4488813&locale=RU,СибирьРегионСтрой
1,4495375,https://api.hh.ru/vacancies?employer_id=4495375&locale=RU,ТД КМЗ
1,4498751,https://api.hh.ru/vacancies?employer_id=4498751&locale=RU,Торговая Компания Европа
1,4500945,https://api.hh.ru/vacancies?employer_id=4500945&locale=RU,Дом автомобиля (ИП Миронов Александр Сергеевич)
1,4501823,https://api.hh.ru/vacancies?employer_id=4501823&locale=RU,Демакс
1,4504337,https://api.hh.ru/vacancies?employer_id=4504337&locale=RU,Will Sweet
1,4515135,https://api.hh.ru/vacancies?employer_id=4515135&locale=RU,Ин Вино
1,4522776,https://api.hh.ru/vacancies?employer_id=4522776&locale=RU,Союз Торгово-Промышленная Палата Алтайского Края
1,4546904,https://api.hh.ru/vacancies?employer_id=4546904&locale=RU,Бар Крыша
1,4548930,https://api.hh.ru/vacancies?employer_id=4548930&locale=RU,МБДОУ Детский сад № 212 Солнышко
1,4575953,https://api.hh.ru/vacancies?employer_id=4575953&locale=RU,ДезиКо
1,4589834,https://api.hh.ru/vacancies?employer_id=4589834&locale=RU,Эстетика
1,4600357,https://api.hh.ru/vacancies?employer_id=4600357&locale=RU,Торгово-Производственный Комплекс Алтайского Края
1,4612704,https://api.hh.ru/vacancies?employer_id=4612704&locale=RU,КГБУ АЦНГКО
1,4650056,https://api.hh.ru/vacancies?employer_id=4650056&locale=RU,Алтайфитопром
1,4657192,https://api.hh.ru/vacancies?employer_id=4657192&locale=RU,Стройпроектмонтаж
