Дата публикации вакансии,Архивная вакансия,Должностные обязанности,Работодатель,Ссылка на вакансию,Заработная плата от,Заработная плата до,Заработная плата,Город,Название вакансии
2025-02-17,нет,"Присоединяйся к команде малого бизнеса Сбера! На позиции «Старшего кредитного аналитика» ты будешь структурировать кредитные сделки клиентов ММБ, общаться с предпринимателями и руководителями компаний малого бизнеса, а также проводить анализ финансово-хозяйственной деятельности компании.
Обязанности
• выезд на место ведения бизнеса для сбора информации о финансово-хозяйственной деятельности Клиента;
• осуществление проведения комплексной экспертизы сделки (лимита), в том числе полный финансовый анализ заемщика и (при необходимости) основных участников сделки, а также анализ прогноза денежных потоков по клиенту и /или проекту;
• анализ возможности и целесообразности работы с клиентом, исходя из полученной от клиента и служб Банка информации и основных критериев оценки кредитоспособности;
• работа с залоговым обеспечением, оценка юридических рисков;
• мониторинг финансового состояния и расчет резерва по индивидуально классифицируемым ссудам.
Требования
• образование высшее: экономическое/финансовое;
• навыки финансового анализа и бухгалтерского учета;
• опыт работы в кредитовании корпоративных клиентов, андеррайтинга, аудита или консалтинга от 1-го года.
Условия
• работа в крупнейшем банке России;
• трудоустройство согласно ТК РФ;
• регулярное корпоративное обучение;
• ДМС, страхование от несчастных случаев и тяжелых заболеваний;
• материальная помощь и социальная поддержка, корпоративная пенсионная программа;
• льготные условия кредитования;
• яркая и насыщенная корпоративная жизнь.",Сбербанк России,https://novokuznetsk.superjob.ru/vakansii/starshij-kreditnyj-analitik-48692028.html,0,0,не указана,Новокузнецк,Старший кредитный аналитик
2025-02-14,нет,"Обязанности:
• Контроль финансовых показателей растениеводства, входящих в группу компаний организаций;
• Сбор отчетности, анализ данных, прогнозирование финансовых показателей в целях достижения запланированных результатов;
• Взаимодействие со службами по финансовым вопросам;
• Сопровождение Старшего менеджера растениеводства по экономическим вопросам;
• План-фактный анализ бюджета, работа с базами данных;
• Подготовка различных видов отчетов, в том числе на английском языке
Требования:
• знание английского языка уровень не ниже B2
• опыт работы экономистом от 3 лет
Условия:
• Стабильная заработная плата
• Официальное трудоустройство согласно ТК РФ, полный соцпакет;
• Предоставление жилья для проживания;
• График работы 5/2 с 08.00 до 17.00;
• Горячий, всегда свежий комплексный обед;
• Продажа мяса по льготной стоимости;
• Доставка корпоративным транспортом.","Алексеевский Бекон (ГК ""АПК ДОН"")",https://belgorod.superjob.ru/vakansii/ekonomist-analitik-49651506.html,54000,0,54000,Белгород,Экономист-аналитик
2025-02-12,нет,"Вакансия компании ООО ""МЕТАДИНЕА""
Metadynea входит в состав Метафракс Групп. ПАО «Метафракс Кемикалс» - один из производителей метанола в России. Значительная часть производимого метанола и продуктов его переработки используется Metadynea в производстве смол. Наш основной продукт - синтетические смолы. Они применяются в производстве древесных плит, а также в качестве связующего для производства минераловатного утеплителя, используемого в промышленном и жилищном строительстве. Твердые фенолоформальдегидные смолы, так называемые новолаки и пульвербакелиты (порошковые смолы), нашли широкое применение в машиностроении, автомобилестроении, шинной и многих других отраслях промышленности.
Обязанности:
- Аналитическое сопровождение разработки новых процедур;
 - Разработка и запуск новых аналитических методов;
 - Оценка и внедрение существующих аналитических методов;
 - Отработка запросов коммерческого отдела;
 - Проведение литературного поиска по заданной тематике с использованием специализированных сервисов;
 - Подготовка отчетов по проведенной работе;
 - Оказание технической поддержки в рамках своих компетенций;
 - Административная деятельность, в т.ч. организация закупки материальных ценностей/услуг.
Требования:
- Высшее образование (аналитическая химия);
 - Готовность к переезду в д. Давыдово Московской области, с последующим переездом в г. Орехово-Зуево (предположительно, в 4 квартале 2025);
 - Опыт экспериментальной работы в лаборатории аналитической химии;
 - Опыт постановки методов анализа и интерпретация полученных результатов на аналитических приборах (ИК, ВЭЖХ, ГХ, титрирование и т.д.) - возможно обучение;
 - Опыт запуска нового аналитического метода;
 - Навыки практического обслуживания аналитических приборов (ВЭЖХ, ГХ) - возможно обучение.
Условия:
- Официальное трудоустройство в соответствии с Трудовым кодексом РФ, социальные гарантии;
 - График работы: понедельник-четверг с 08:00 до 17:00, пятница с 08:00 до 16:00;
 - ДМС после срока испытания, прочие дополнительные социальные блага;
 - Разъездной характер работы;
 - Место работы – д. Давыдово, Орехово-Зуевский район;
 - Для иногородних кандидатов предусмотрена компенсация аренды жилья.","ООО ""МЕТАДИНЕА""",https://www.superjob.ru/vakansii/inzhener-himik-50404416.html,0,0,не указана,Москва,"Инженер-химик, аналитик"
2025-02-13,нет,"Обязанности:
- осуществление анализа рынка недвижимости;
- подготовка обзора состояния рынка,
- участие в составлении отчетов по итогам государственной кадастровой оценки;
- систематизация и хранение документов, использованных и сформированных при проведении оценки;
- обеспечение неразглашения сведений, составляющих государственную и иную охраняемую законом тайну.

Требования
- высшее образование и профессиональная переподготовка в области оценочной деятельности;
- отсутствие судимости;
- стаж работы по специальности в сфере оценки от 1 года ОБЯЗАТЕЛЬНО;
- продвинутый пользователь компьютера, глубокое знание программы Excel.
Личные качества: ответственность, стремление к самообразованию, внимательность, достижение целей и поставленных задач, коммуникабельность, дисциплинированность, стрессоустойчивость.
Условия:
- оформление в соответствии с Трудовым кодексом РФ;
- пятидневная рабочая неделя: с 8-30 до 17-30 (сб, вск - выходной).",Хабкрайкадастр,https://habarovsk.superjob.ru/vakansii/analitik-v-sfere-kadastrovoj-ocenki-40105458.html,0,62700,62700,Хабаровск,Аналитик в сфере кадастровой оценки
2025-02-13,нет,"Обязанности:

• Комплектация заказов (закупка необходимой продукции) у поставщиков
• Планирование и осуществление закупки конкурентоспособной электротехнической продукции.
• Непрерывное и своевременное обеспечение подразделений конкурентоспособной метизной, проводниковой, металлопрокатной и др. продукцией.
• Контроль исполнения заявок на поставку продукции.
• Ведение документооборота.

Требования:
• Активная жизненная позиция
• Высшее образование
• Опыт работы в сфере закупок от 1 года
• Оперативность, аккуратность, внимательность
• Увереный пользователь ПК (1С и т. д.)

Условия:

• Пятидневная рабочая неделя (с 8-00 до 17-00, ПТ - 8-00 до 16-00 перерыв 12-00 - 12-48),
• На территории работодателя.
• Оформление по ТК",Росэнергосервис,https://rnd.superjob.ru/vakansii/specialist-po-zakupkam-11149133.html,50000,0,50000,Ростов-на-Дону,"Специалист по закупкам, снабжению / Аналитик"
2025-02-17,нет,"Обязанности:
• Подготовка документов по гособоронзаказам (РКМ и т. Д.)
• Проводит текущий экономический анализ финансово-хозяйственной деятельности предприятия и расчет экономических показателей
• Осуществляет контроль за ходом выполнения плановых заданий по предприятию и его подразделениям, использованием внутрихозяйственных резервов.
• Формирует управленческую отчетность (бюджет движения денежных средств, бюджет расходов и доходов)
• Выполняет необходимую работу, связанную с нерегламентными расчетами и контролем за правильностью осуществления расчетных операций.
• Ведет учет экономических показателей результатов производственной деятельности предприятия и его подразделений, а также учет заключенных договоров.
• Подготавливает периодическую отчетность в установленные сроки.
• Выполняет отдельные служебные поручения своего непосредственного руководителя.
Требования:
• Опыт работы в аналогичной должности на производстве
• Знание ПК на уровне эксперта, в т. Ч. 1 С 8.3 УПП
Условия:
• График работы пятидневка с 8 до 17 час (пятница с 8 до 15-45)
• Зачисление с первого дня работы (испытательный срок 3 мес входит в стаж)
• Стабильная выплата заработной платы
• Уровень заработной платы по результатам собеседования",СКБ ЭО при ИМБП РАН,https://himki.superjob.ru/vakansii/ekonomist-analitik-46317303.html,100000,0,100000,Химки,Экономист-аналитик
2025-02-11,нет,"Обязанности:
• Автоматизация бизнес процессов клиентов компании включая: сбор требований к автоматизации бизнес процессов, разработка концепции автоматизации на базе типовых конфигураций 1C, постановка задач программистам на адаптацию типовых конфигураций 1C, настройка программ 1C, тестирование полученного решения автоматизации, внедрение программ 1C в рабочую эксплуатацию.
Кто Вы:
• Энергичный, способный, выпускник ИТ специальности ВУЗа.
• Вам нравится решать учебные или практические задачи автоматизации.
• Желаете развиваться в ИТ индустрии, получить востребованную специализацию.
• Вам хочется получить практический опыт работы по специальности.
Что от Вас нужно:
• Коммуникабельность.
• Аналитический склад ума.
• Способность принимать ответственные решения.
• Обучаемость, умение быстро перерабатывать большие объемы информации.
• Ответственность
• Желание работать в команде и быть лучшим.
Приветствуется:
• Знание основ программирования, умение читать программный код.
• Знание основ бухгалтерского учета.
• Умение планировать своё время.
Чем вам нужно будет заниматься:
• Анализировать бизнес-процессы клиентов, предлагать варианты их автоматизации.
• Консультировать наших клиентов грамотному использованию программ 1C.
• Участвовать в постановке задач адаптации программ 1C условиям работы наших клиентов.
• Тестировать разработанные решения автоматизации перед внедрением у наших клиентов.
• Пополнять багаж знаний, всесторонне развиваться, зарабатывать новые статусы, сертификаты, чем выгодно отличаться от других.
• Участвовать в корпоративных мероприятиях и общественной жизни коллектива.
• Продвигаться по карьерной лестнице.
На какой доход рассчитывать:
• От 19000 по окончании стажировки до 50000 перед следующим шагом по карьерной лестнице.
• Возможно прохождение стажировки во время практики в ВУЗе.
• Выпускники ИТ специальностей могут получить отсрочку от армии на время работы в компании.",ЮНИВЕР СЕРВИС,https://astrakhan.superjob.ru/vakansii/analitik-konsultant-1s-47327168.html,19000,50000,19000,Астрахань,Аналитик-консультант 1С
2025-02-17,нет,"Обязанности:
• Администрирование информационной системы;
• Участие в подготовке технических заданий, инструкций пользователям и другой технической и аналитической документации;
• Консультирование пользователей по вопросам работы в информационной системе;
• Взаимодействие со службой технической поддержки информационной системы;
• Участие в приемочных испытаниях информационных систем;
• Изучение предметной области, бизнес-процессов, нормативно-правовых документов, регламентов, сбор и анализ иной необходимой информации, формирование отчетности в информационной системе.
Требования:
• Опытный пользователь MS Office (MS Word, MS Excel);
• Ответственность и организованность;
• Работоспособность, умение работать в команде;
• Коммуникабельность, нацеленность на результат;
• Умение работать с готовыми техническими заданиями и формировать технические задания на доработку системы;
• Пунктуальность, грамотная речь и письмо;
• Умение работать с большими объемами информации, структурировать информацию.
Будет преимуществом:
• Опыт работы в государственной медицинской организации;
• Опыт работы с медицинской информационной системой (ЕЦП);
• Высшее образование.
Условия:
• Работодатель – государственное учреждение, проекты в области IT-решений для медицины, взаимодействие с Министерством здравоохранения Владимирской области.
• Официальное трудоустройство, соцпакет. Возможно оформление отсрочки от призыва на военную службу;
• Заработная плата 40 000 рублей. Возможно премирование отличившихся работников;
• График работы: 5/2 с 8.30 до 17.00, суббота и воскресенье выходной;
• Место работы: г.Владимир, ул.Никитская, д.3.",ГБУЗ Владимирской области Медицинский информационно-аналитический центр,https://vladimir.superjob.ru/vakansii/analitik-baz-dannyh-48522293.html,40000,0,40000,Владимир,Аналитик баз данных / IT-специалист
2025-02-14,нет,"ООО «Уральский Пружинный Завод» – передовое предприятие, признанное на отечественном и мировом рынке, поставщик широкой номенклатуры современных упругих компонентов. Компания является надежным партнером, ориентированным на цели долговременного сотрудничества. 
Обязанности
1. Составление планов интервью и перечней ресурсов, необходимых для проведения моделирования новых бизнес-процессов.
2. Подготовка планов работ по моделированию, анализу и оптимизации бизнес-процессов и их согласование с непосредственным руководителем и руководством организации.
3. Проведение процедур обследования бизнес-процессов для внедряемых проектов.
4. Формирование общих аналитических отчетов после проведения анализа бизнес-процессов в виде аналитических таблиц и текстовых комментариев.
5. Разработка и поддержка в актуальном состоянии структуры критериев оценки эффективности моделируемых бизнес-процессов и функций.
6. Подготовка рекомендаций по внедрению оптимизированных бизнес-процессов и изменению организационной структуры.
7. Описание и поддержка в актуальном состоянии документации по оптимизированным бизнес-процессам.
8. Участие в написании технического задания на внесение изменений в корпоративную информационную систему в соответствии с оптимизированными бизнес-процессами.
9. Своевременное предоставление достоверной информации, касающейся анализа протекающих в организации бизнес-процессов, их оптимизации.

10. Документирование недостатков методик, существующих в организации, предложение способов их устранения и представление отчетов непосредственному руководителю.
Для Вас:
· Достижение поставленных целей вознаграждается достойной зарплатой. 
· Безопасные условия труда. Мы заботимся о создании комфортной среды для сотрудников. 
· Работа в команде. Мы уверены в том, что взаимопонимание и взаимодоверие, взаимопомощь, корпоративная солидарность помогут найти совместное решение проблем внутри организации.
· Возможность развиваться, учиться и научаться новому — залог долгосрочного успеха Уральского пружинного завода. Мы уделяем большое внимание повышению профессионального уровня коллектива.
Мы развиваемся в поставке надежных решений для управления упругой энергией.
 Желание повысить эффективность продаж подтолкнуло нас к открытию вакансии.",Уральский Пружинный Завод,https://ekaterinburg.superjob.ru/vakansii/analitik-1s-44403797.html,150000,0,150000,Екатеринбург,Аналитик 1С
2025-02-12,нет,"ВТБ Юниор — это оплачиваемая стажировка для начинающих специалистов в подразделениях розничного, среднего и малого бизнеса региональной сети Банка ВТБ по всей России. С первых дней вы будете погружены в работу над серьезными проектами и научитесь находить решения сложных бизнес-задач. Через год успешной стажировки в среднем и малом бизнесе — возможность стать кредитным аналитиком.
Обязанности:
— освоение функционала кредитного аналитика в направлении средний и малый бизнес;
— погружение в вопросы анализа финансово-хозяйственной деятельности заемщиков;
— сбор и структурирование больших объемов информации;
— активное участие в выполнении целевых ориентиров в офисе банка для реализации бизнес-задач.
Требования:
— выпускников бакалавриата/специалитета, выпускников магистратуры или выпускником ссузов
— специализация: экономика, финансы, менеджмент.
— развитые аналитические способности, знание математики и основ экономики;
— интерес и готовность развиваться в корпоративном бизнесе, в аналитической работе;
— продвинутое владение Excel;
— возможность работать полный рабочий день.
Что мы предлагаем:
— финансовая стабильность: высокий фиксированный оклад + возможность повышения зарплаты уже во время стажировки;
— карьерные перспективы: лучшие стажеры смогут продолжить карьеру в ВТБ. Каждый год около 50% стажеров переходят в штат.
— ДМС со стоматологией, скидки от партнеров и т. д.;
— обучение и развитие Soft и hard skills: доступ к обучающим курсам, электронным библиотекам, лекторий с приглашенными спикерами;
— трудоустройство согласно Законодательству РФ.",СЛ Капитал,https://nsk.superjob.ru/vakansii/stazher-kreditnyj-analitik-49310968.html,42000,0,42000,Новосибирск,Стажер-кредитный аналитик
2025-02-10,нет,"Обязанности:
• Осуществлять сбор, свод и аналитику статистических показателей в соответствии с утвержденными методиками;
• Консультировать в области статистической деятельности;
• Подготавливать аналитические отчеты, презентации, обзоры, доклады, рекомендации проекты нормативных документов на основе статистических отчетов","ГКУ ЯНАО ""ИАЦ""",https://salehard.superjob.ru/vakansii/analitik-49432635.html,62000,0,62000,Салехард,Аналитик
2025-02-14,нет,"Обязанности:
• Проведение лабораторных испытаний пищевой продукции в аккредитованном испытательном центре Кубанского государственного технологического университета (ИЦ КубГТУ)
• Ведение лабораторных журналов.
Требования:
• Практическое знание и владение методами инструментального анализа, ""мокрая химия"".
• Опыт работы с использованием современного аналитического и испытательного оборудования.
• Аналитический склад ума.
• Стремление к самосовершенствованию.
• Коммуникабельность.
• Творческий подход к решению поставленных задач
Условия:
• Государственное учреждение.
• Полный соцпакет.
• 5-дневная рабочая неделя
• Возможность повышения квалификации за счет организации
• Интервал рабочего времени обсуждается
• Возможность участия в научных исследованиях
• Современное научное оборудование
• Уровень заработной платы обсуждается в зависимости от квалификации",ФБГОУ ВО КубГТУ,https://krasnodar.superjob.ru/vakansii/himik-analitik-50081966.html,35000,0,35000,Краснодар,Химик-аналитик
2025-02-13,нет,"Обязанности:
• Сбор и обработка информации/данных для анализа;
• Проверка расчетов;

• Анализ отклонений и коммуникация с ответственными службами;

• Создание финансовых инструментов/отчетов.
Требования:
• Экономическое образование: знание и опыт управления затратами;
• Умение быстро обрабатывать большой массив информации, автоматизация обработки информации; проведение презентаций результатов обработки информации;
• Опыт работы в 1C.
Условия:
• Мы соблюдаем ТК РФ, оплачиваем 36 календарных дней отпуска, больничный лист оплачиваем.
• Мы комфортно обедаем: для удобства имеется собственная обеденная зона, оборудована необходимой техникой, сотрудник всегда может налить горячий чай, выпить воды, разогреть еду.
• Мы легко добираемся до места работы: предоставляем возможность добираться до и после работы на корпоративном транспорте.
• Мы заботимся о наших сотрудниках: организации, поздравляем сотрудников и их детей с праздниками, дарим подарки, предоставляем скидки на продукцию компании.
• Мы предоставляем уникальные скидки нашим сотрудникам в таких организациях, как Стоматологический центр «МедстоМ», Центр международного коучинга «Исток», Мультицентр «Арлекин», Краевой музыкальный театр, Сеть здравоохранения «РЖД-Медицина» и многих других;
• Мы ведем яркую корпоративную жизнь
• Мы предлагаем уникальное корпоративное обучение и развитие.
САМБЕРИ - ЭТО стабильность и уверенность в завтрашнем дне!","Сеть гипермаркетов ""Самбери""",https://habarovsk.superjob.ru/vakansii/finansovyj-analitik-50193512.html,0,0,не указана,Хабаровск,Финансовый аналитик
2025-02-16,нет,"Главное управление МВД России по Красноярскому краю
(гражданская/вольнонаемная должность)
Обязанности:
• Сбор, обобщение и анализ полученной от структурных подразделений информации
• Подготовка информационных, аналитических материалов, ответов на запросы
Требования:
• Образование высшее, средне-специальное.
• Отсутствие ограничений на работу со сведениями, составляющими государственную тайну.
• Уверенное пользование ПК и оргтехникой, навыки работы (способность к обучению) с программами, создаваемыми для автоматизации рабочих процессов.
• Теоретические и практические навыки в работе офисными программными продуктами (Microsoft: Excel, Word).
• Способность к аналитической работе.
• Способности к самообучению.
• Ответственность, коммуникабельность.
• Рассматриваются кандидаты без опыта работы по специальности
Условия:
• Полный социальный пакет;
• Ежегодный оплачиваемый отпуск в количестве 36 календарных дней;
• Дополнительный оплачиваемый отпуск за стаж работы (до 15 календарных дней) и др.
• Нормированный рабочий день в соответствии с ТК РФ.
• Возможность повышения категории по должности.",Главное управление МВД России по Красноярскому краю,https://krasnoyarsk.superjob.ru/vakansii/analitik-50338068.html,25000,0,25000,Красноярск,"Аналитик (Центр информационных технологий, связи и защиты информации)"
2025-02-11,нет,"Компания ООО «АВТОМАРКЕТ-ГРУПП» («AMG») более 20 лет на рынке авто товаров, специализируется на поставках АКБ, смазочных материалов, автохимии и автокосметики, а также запасных частей для ремонта автомобилей на территориях Донецкой, Луганской, Запорожской, Херсонской обл.
Мы предлагаем Нашим покупателям широкий ассортимент продукции, который может удовлетворить интересы всех потребителей: от крупнейших промышленных предприятий и автопарков до небольших СТО и индивидуального потребителя.
ЕСЛИ ТЫ ЛЮБИШЬ РАБОТАТЬ С ЦИФРАМИ, УМЕЕШЬ СВОДИТЬ И АНАЛИЗИРОВАТЬ ДАННЫЕ, СТРОИТЬ ГРАФИКИ И ПРОГНОЗИРОВАТЬ, т. д.БРО ПОЖАЛОВАТЬ В НАШУ ДРУЖНУЮ КОМАНДУ. ПРЕДЛАГАЕМ ТЕБЕ РЕАЛИЗОВАТЬ СВОЙ ПОТЕНЦИАЛ, ПОЛУЧИТЬ ИНТЕРЕСНУЮ РАБОТУ И ДОСТОЙНОЕ ВОЗНАГРАЖДЕНИЕ ЗА ЕЕ РЕЗУЛЬТАТ!
Мы предлагаем:
• Развитие, как в профессиональной сфере, так и личностных качеств, тренинги, обучение в компании;
• Работу в стабильной и развивающейся компании;
• Своевременная выплата ЗП выше рынка;
• Офисно-выездной характер работы;
• Открытые отношения с руководством компании;
• Предоставление всех необходимых инструментов для работы.
• Месторасположение офиса — г. Макеевка, ул. Автотранспортная 47/1
Обязанности:
• Проведение маркетинговых исследований активности конкурентов, конъюнктуры рынка;
• Проведение ценовых исследований, подготовка рекомендаций на основе результатов;
• Изучение конкурентоспособности аналогичных продуктов на рынке;
• Подготовка стратегии для продвижения продуктов компании;
• Ведение отчетности по результатам исследований
Наши требования:
• Аналогичный опыт в области маркетинга и продаж;
• Навык аналитики большого объема информации;
• Уверенное владение программой Excel;
• Аналитический склад ума, нацеленность на результат, ответственность, коммуникабельность.",АВТОМАРКЕТ,https://makeevka.superjob.ru/vakansii/analitik-marketingovoj-deyatelnosti-50379324.html,80000,0,80000,Макеевка,Аналитик маркетинговой деятельности
2025-02-13,нет,"ЭЛИТ ТРЕЙД – лидер в сфере «Фудсолюшин» на территории сибирского и дальневосточного региона. Компания транслирует сильную корпоративную культуру стимулируя высокие личностные достижения сотрудников.
В 2024 году, финансовый департамент компании ЭЛИТ ТРЕЙД стал финалистом премии «Лучший финансовый департамент» в Москве.
Открываем вакансию финансового аналитика по бюджетированию.
Задачи, какие вам предстоит решать:
• Ежемесячная корректировка бюджетов и отчетов об их исполнении;
• Подготовка управленческой отчетности;
• Участие в процессе усовершенствования процесса бюджетирования компании, внесение предложений по оптимизации процессов и их автоматизации;
• Работа со статьями затрат, аналитические отчеты по запросам, взаимодействовать с другими отделами в процессе бюджетирования и контроля исполнения плана;
• Контроль рационального расходования денежных средств в соответствии с потребностью компании;
• Подготовка презентационных материалов, пояснительных записок по операционной деятельности;
• Участием в планировании оперативных и годовых бюджетов.
Какие компетенции нам важны:
• Продвинутый уровень владения Excel.
• Опыт работы в программе 1C.
• Уверенное владение финансовыми инструментами и методами анализа.
• Умение работать в команде и достигать результатов в условиях динамичной среды.
• Аналитический склад ума, системное мышление, внимательность к мелочам, аккуратность.
Что мы предлагаем:
• Работу в команде, где ценятся ответственность, уважение и честность.
• Возможность работать с разнообразными задачами, качать профессиональные скилы.
• Прозрачную систему мотивации, в которой ты будешь зарабатывать достойно за свои результаты.
• Юридическую безопасность и защиту трудовых отношений.
• Уверенность в будущем и стабильность.
• Современный офис, удобный график работы: 5/2 с 8-30 до 17-00.
• Сильная команда – фундамент компании, поэтому Мы ищем сотрудника, готового усилить наш финансовый отдел, если это про тебя, жми «откликнуться»и добро пожаловать!",Торговый Дом Элит Трейд,https://irkutsk.superjob.ru/vakansii/finansovyj-analitik-50383748.html,70000,75000,70000,Иркутск,Финансовый аналитик
2025-02-14,нет,"В настоящее время наша компания ООО «Сириус» реализует свою деятельность в торгово-розничном и строительном направлениях в Санкт-Петербурге.


В связи с расширением нам требуется Контролер-аналитик
Обязанности:
- Контроль и анализ работы отдела/-ов;
- Контроль занятости сотрудников отдела/-ов;
- Ведение отчетности
- Проверка заявок, смет, отчетов;
- Выполнение поручений руководства;
- Подписание согласований с руководством;

Требования:
- Дисциплинированность, Стрессоустойчивость, честность;
- Умение работать в режиме многозадачности;
- Уверенный пользователь ПК;
- Высокие аналитические способности.
Условия:
- График работы 5/2 с 9:30 до 17:30;
- Оплачиваемый испытательный срок 1 месяц;
- Заработная плата на испытательный срок от 35 000, на постоянной основе от 55 000.

Если вы ищите работу, на которой сможете проявить себя и стать частью дружного коллектива - присылайте свой отклик и мы с вами свяжемся!",Сириус,https://spb.superjob.ru/vakansii/kontroler-otdela-50384098.html,35000,0,35000,Санкт-Петербург,Контролер отдела / Контролер-аналитик
2025-02-11,нет,"Привет! Мы — компания Металл Профиль, лидеры в России по производству тонколистовых кровельных и стеновых материалов. Мы 28 лет на рынке, у нас 18 заводов и более 80 представительств в регионах РФ и странах СНГ.
Приходи к нам работать и развиваться — в Металл Профиль все для этого есть.
Наши преимущества:
Уже 28 лет мы в числе ведущих предприятий отрасли. 90 % клиентов обращаются к нам снова, а это значит, что продукция компании прошла проверку временем.
Неограниченная сфера применения продукции завода.
Обязанности — чем ты будешь заниматься:
• Сбор, консолидация и анализ массивов данных по продажам, покупателям, номенклатуре;
• Расчет, установка и контроль предоставления кредитных лимитов и скидок покупателям;
• Анализ случаев возвратов и отказов;
• Подготовка аналитической и статистической отчетности;
• Контроль кредиторской и дебиторской задолженности.
 
Требования — мы ждем, что у тебя есть
• Знания методов обработки информации и навыки ведения документооборота;
• Отличные знания MS Excel;
• Умение выстраивать BI-отчеты;
• Высшее/неоконченное высшее образование (рассмотрим студентов последних курсов).
 
Условия — что мы предлагаем
• Белую зарплату, прозрачную мотивацию. Фиксированный оклад +100% KPI за выполнение показателей.
• Основательный соцпакет. Оплачиваем мобильный, даем скидки на свою продукцию, дарим подарки детям сотрудников, предоставляем доп. отпуск на знаковые события.
• Помощь с адаптацией. Выделим наставника, проведем обучение от руководства и опытных коллег. У нас открытая и дружелюбная культура — поддерживаем друг друга.
• Быстрый карьерный рост. Мы поможем в развитии навыков и продвижении: составим индивидуальный план, предложим ротации. До 30% ключевых специалистов растут в компании и работают у нас долго (в среднем по 9 лет).
• Обучение и профессиональное развитие. У нас свой корпоративный университет с интересными игровыми курсами. Мы обучаем сами, приглашаем внешних экспертов для выступлений, даем пользоваться библиотекой.
• График работы. Пятидневная неделя с 08:30-17:30.
• Место работы. Верхняя Пышма, Сварщиков, 2.","Компания Металл Профиль, OOO",https://verhnyaya-pishma.superjob.ru/vakansii/veduschij-menedzher-analitik-50392630.html,49000,75000,49000,Верхняя Пышма,Ведущий менеджер-аналитик
2025-02-13,нет,"Компания «АЛЬТ-Икс», которая на рынке уже больше 32 лет и занимается оптовой и розничной продажей лакокрасочных материалов, приглашает в свою команду 1C Аналитика
Актуальные задачи:
• Поддержка системы управления предприятием на платформе 8.3, 1C БУХ (типовая), УТ 11.4 (нетиповая).
• Поддержка пользователей 1C: составление инструкций, обучение, консультации, права пользователей и группы доступа.
• Участие в проектах по внедрению решений на базе 1C (оптимизация, автоматизация управленческого учета).
• Сбор и анализ требований. Разбор ошибок ведения учета. Подготовка ТЗ на доработки по поступившим обращениям, приемка и тестирование выполненных доработок.
• Последующий контроль и тестирование выполненных заявок 1C.
• Оптимизация существующих и внедрение новых бизнес процессов в 1C УТ на основе редакторов блок схем или нотаций
• Работа по настройке пользовательских отчетов с помощью СКД по заявкам
• Небольшие доработки в конфигураторе по существующему функционалу конфигураций 1C
• Настройка и администрирование ТСД на складе
• Настройка ЭДО в 1C, поддержка пользователей ЭДО
• Администрирование и настройка серверов в ЛВС
• Администрирование и настройка коммутационного оборудования
• Администрирование MS SQL Server
• Настройка и поддержка резервного копирования 1C БД
• Администрирование 1C кластера (связь MS SQL и сервера 1C, админская консоль, плагины)
Что мы ждем от кандидата:
• Высшее образование или дополнительное обучение, связанное с системами 1C
• Опыт составления и ведения проектной и технической документации
• Опыт обучения пользователей по работе с настроенными решениями
• Умение настраивать и адаптировать документы, отчеты, справочники в программах 1C под нужды пользователей
• Навыки работы с MS Excel, Word на уровне опытного пользователя
• Нацеленность на результат, энергичность и позитивность
• Желание самореализоваться в профессии
Мы рады предложить Вам следующие условия:
• Мы рады предложить Вам интересную и разнообразную работу в стабильной, успешно развивающейся компании с официальным оформлением и с белой зарплатой.
• Современное оборудованное рабочее место
• Корпоративное обучение, как онлайн, так и оффлайн
• Корпоративные мероприятия
• Достойный уровень заработной платы! Обсуждается на собеседовании с каждым кандидатом индивидуально в зависимости от квалификации и опыта)
• Пятидневную рабочую неделю: понедельник – четверг 09:00-17:00, пятница 09.00-16.00
• Центральный офис находится на территории Раум Парнас.","АЛЬТ-Икс, группа компаний",https://spb.superjob.ru/vakansii/analitik-1s-50395702.html,140000,0,140000,Санкт-Петербург,Аналитик 1С
2025-02-17,нет,"Обязанности:
• Блок Бюджетирование в 1C
• Блок ведение заявок в 1C: заказы поставщику, заказы клиента
• Блок Производство в 1C
Требования:
Образование: высшее образование в области информационных технологий, математики или экономики. Курсы обучения с платформой 1C, основам бухгалтерии и автоматизации бизнес-процессов. 
Опыт работы в 1C: Комплексная Автоматизация (Производство+Розничные продажи) от 3-х лет. 

• Знания и навыки:
• Знание платформы 1C и её конфигураций (1C:Предприятие, 1C:Бухгалтерия, 1C:Управление торговлей, 1C:КА). 
• Понимание бизнес-процессов. Аналитик должен разбираться в специфике учёта, документооборота и других процессов в производстве и торговле.
• Навыки работы с базами данных и знание основ программирования 1C, выгрузки и обработки больших массивов данных из 1C в Excel (Power Pivot, Роwer BI, работа со сводными таблицами).
• Опыт тестирования. Важно уметь проводить тестирование программного обеспечения и описывать ошибки для программистов.
• Опыт взаимодействия с пользователями. Аналитик должен уметь объяснять сложные вопросы простыми словами и обучать сотрудников. 
Коммуникабельность и умение работать в коллективе. Аналитик должен уметь слушать пользователей, задавать правильные вопросы и находить эффективные решения.

Условия:
• Проектная работа, удаленная работа
• Конкретно поставленные задачи от руководителя проекта 
• Трудоустройство, либо работа по ГПХ",Гладышева Ольга Витальевна,https://ufa.superjob.ru/vakansii/analitik-bazy-1c-50395896.html,40000,70000,40000,Уфа,Аналитик базы 1C / Методолог базы 1С
2025-02-13,нет,"Вакансия компании: ООО ""ЦГИЭ""
ООО ""Центр Гигиенической Экспертизы"" осуществляет свою деятельность с 2009 года. Основной вид деятельности, оказание лабораторных услуг в экологическом и санитарном направлениях, для предприятий Кемеровской области.
Обязанности:
• Выполнение лабораторных исследований воды, почвы, донных отложений, на химические показатели.
• Заполнение отчётных форм
Требования:
• Необходим опыт работы в химической лаборатории.
• Опыт работ с оборудованием: ""ТА-Lab"", ""Флюорат-02-2 М"", Фотометр КФК-3-01, и тд.
Условия:
• Деятельность осуществляется в г. Топки. Из г. Кемерово и в г. Кемерово, осуществляется доставка автотранспортом предприятия.
• Лаборатория оснащена современным оборудованием, и квалифицированным персоналом. Предоставляется компьютеризированное рабочее место.
• Персонал обеспечен спецодеждой. Деятельность связана с проведением лабораторных исследований воды, почвы, донных отложений.
• Официальное трудоустройство, официальная зарплата.
• Если Вас заинтересовала наша вакансия, звоните или нажимайте кнопку ""Откликнуться""",Jobers,https://topki.superjob.ru/vakansii/himik-analitik-50396688.html,40000,75000,40000,Топки,Химик-аналитик
2025-02-13,нет,"Обязанности:
• Проверка документации перед подачей заявок по аукциону, котировке, запросу цен и предложений;
• Принятие участия в торгах - контроль всех этапов участия в закупках;
• Работа с площадкой ЕИС;
• Выпуск банковской гарантии;
• Формирование документов о приемке в ЕИС;
• Ведение претенциозной работы по электронным процедурам.
Требования:
• Знание 44 ФЗ, 223 ФЗ;
• Высшее образование (юридическое, экономическое, ГМУ).
Мы – аккредитованная IT-компания и состоим в реестре Министерства цифрового развития, связи и массовых коммуникаций РФ.
Для комфортной работы мы предлагаем:
• График работы 5/2;
• Оформление по ТК РФ;
• Комфортный, оснащенный офис в центре города;
• Работу в дружном профессиональном и амбициозном коллективе;
• Насыщенную корпоративную жизнь (тимбилдинги, корпоративные выезды, конкурсы, новый год, день рождения компании и пр.);
• Профессиональное и карьерное развитие: регулярные развивающие тренинги, семинары, вебинары;
• Корпоративную сотовую связь;
• Отсрочку от армии, как для сотрудника IT-компании (для военнообязанных);
• Всегда для Вас в офисе: чай, кофе.",ДЖИ ЭС КОНСАЛТИНГ,https://yuzhno-sakhalinsk.superjob.ru/vakansii/tendernyj-analitik-49951419.html,75000,0,75000,Южно-Сахалинск,Тендерный аналитик
2025-02-14,нет,"Обязанности:
• Проведение маркетинговых исследований по широкому спектру задач, связанных как с образовтельными услугами, так и с другими сферами (наука, медиамониторинг и т. д.)
• Интернет-аналитика, в том числе – анализ эффективности e-mail рассылок, аудитории ресурсов СПбГУ
• Мониторинг пользовательской активности в CRM
• Анализ и сегментация клиентской базы подразделений СПбГУ
• Мониторинг посещаемости и управление ассортиментом интернет-магазина СПбГУ
• Определение оптимального уровня цен на услуги СПбГУ
• Прогнозирование спроса на услуги СПбГУ
• Конкурентный анализ
• Проведение опросов и анкетирований
Требования:
• Образование высшее (маркетинг, интернет-маркетинг, менеджмент, социология, экономика)
• Приветствуется опыт работы в сфере образования
Необходимые профессиональные навыки и знания:
• Знание основ общего маркетинга, интернет-маркетинга, статистики, социологии
• Навыки проведения маркетинговых исследований, сбора вторичных данных, работы с большими массивами данных, приветствуется опыт с мат. Моделями
• Продвинутый уровень владения Excel, уверенные навыки работы со сводными таблицами и формулами
• Внимательность, ответственность, организованность
• Знание специального ПО: Яндекс Метрика, Brand analytics/Медиалогия, Google Analytics, Tg стат, Excel
• Личные качества: аналитический склад ума, ответственность, умение решать нестандартные задачи
• Преимуществом будет опыт работы с пакетами для обработки статистических данных
Условия:
• Трудоустройство в соответствии с трудовым законодательством РФ (оплачиваются отпускные и больничные). Заключается Бессрочный трудовой договор
• Срок испытания - 3 месяца
• Пятидневная рабочая неделя, с 9:00 до 17:45. Перерыв на обед с 13:00 до 13:45
• Заработная плата на испытательный срок 70 000 рублей до вычета налогов, совокупный доход после испытательного срока по результатам работы
• Место работы: Санкт-Петербург, Университетская набережная, 7-9-11, Отдел аналитики, Управление маркетинга и медиакоммуникаций",ФГБОУ ВО Санкт-Петербургский государственный университет,https://spb.superjob.ru/vakansii/marketolog-analitik-50398890.html,70000,0,70000,Санкт-Петербург,Маркетолог-аналитик
2025-02-17,нет,"Мы — динамично развивающаяся компания в сфере благоустройства территорий и ищем талантливого Специалиста в отдел информационных технологий. Если вы увлечены технологиями, любите решать нестандартные задачи и хотите развиваться в дружной команде, эта вакансия для вас!
Что мы предлагаем:
- Уникальную возможность работать в интересных проектах и участвовать в их реализации.
- Дружный и поддерживающий коллектив, где ваши идеи будут услышаны и оценены.
- Конкурентоспособную зарплату и систему премирования за достижения.
- Возможности для профессионального роста и обучения, включая участие в тренингах и семинарах.
- Корпоративные мероприятия и тимбилдинги для укрепления командного духа.
Чем предстоит заниматься:
- Администрирование системы 1F и разработка новых функций в ней.
- Улучшение системы 1F на основе обратной связи от пользователей.
- Поддержка пользователей и решение возникающих технических проблем.
- Установка, настройка и обновление программного обеспечения.
- Мониторинг состояния систем и сетей, предотвращение возможных сбоев.
- Участие в проектах по модернизации и оптимизации IT-ресурсов.
Наши ожидания от Вас:
- Опыт работы в системном администрировании или программировании от 1 года.
- Знание основ программирование и начальные умения навыкам программирования на 1 и более языках.
- Знание основ работы с офисными программами и более углублённые навыки работы в Excel.
- Знание операционных систем и сетевых технологий будет являться преимуществом.
- Отличные коммуникативные навыки для корректного сбора обратной связи от пользователей.
- Желание учиться и развиваться в сфере информационных технологий.
- Высшее образование в области информационных технологий или смежных областях будет преимуществом.


Присоединяйтесь к нашей команде и станьте ключевым звеном в обеспечении технологического комфорта!
Если вы готовы к новым вызовам и хотите стать частью нашей команды, отправляйте свой отклик.",КОМПАНИЯ СПЛАВ,https://pavlovskiy-posad.superjob.ru/vakansii/sistemnyj-analitik-razrabotchik-1f-50383265.html,0,0,не указана,Павловский Посад,Системный аналитик-разработчик 1F
2025-02-16,нет,"Обязанности: 
• проведение входного контроля сырья;
• проведение испытаний следующими физико-химическими методами: описание, растворение, определение цветности/мутности, титрование (кислотноосновное, окислительно-восстановительное, комплексонометрическое, неводное), ТСХ, определение потери в массе при высушивании, сульфатной золы, тяжелых металлов, определение температуры плавления, поляриметрия, спектрофотометрия, определение воды по К.Фишеру и другие;
• приготовление необходимых растворов, реактивов;
• оформление лабораторных журналов по приготовлению растворов;
• оформление лабораторных журналов по приготовлению растворов;
• оформление протоколов испытаний;
• участие в расследовании OOS/OOTрезультатов;
• обеспечение безопасного проведения работ с соблюдением требований охраны труда, нормативной документации.
 
Требования: 
• высшее профильное (химическое, биотехнологическое, биохимическое, фармацевтическое);
• опыт работы в химико-аналитической лаборатории;
• знание MS Office, 1C ERP;
• высокий уровень знаний и умений в области входного контроля исходного сырья, в области титриметрии, спектрофотометрии, поляриметрии, ТСХ;
• знания нормативной и регуляторной документации;
• знания контроля качества нестерильных и стерильных ЛП.
 
Условия: 
• оформление по ТК РФ с первого дня (г. Зеленоград, ОЭЗ Алабушево);
• график работы: 2/2 с 8.00 – 20.00;
• уровень дохода обсуждается с успешным кандидатом;
• корпоративное обучение, возможность профессионального и карьерного роста;
• корпоративный транспорт (Зеленоград, Истра, Голубое);
• собственная столовая и частичная компенсация питания;
• подарки для сотрудников и детей к значимым датам.",Велфарм-М,https://zelenograd.superjob.ru/vakansii/himik-analitik-otdela-kontrolya-kachestva-50303821.html,0,0,не указана,Зеленоград,Химик-аналитик отдела контроля качества
2025-02-12,нет,"Сеченовский Университет - ведущий медицинский университет России, занимает первое место среди 20 лучших университетов в сфере медицины (рейтинг агентства RAEX), клинический центр Университета входит в пятерку наиболее привлекательных работодателей России (компания Universum).
Сегодня у нас работает 8000 сотрудников, так же учится более 18000 студентов. Сеченовский Университет является участником Программы «Приоритет 2030».
Мы ищем кандидата на должность Химика-аналитика в Лабораторию медицинской химии и тонкого органического синтеза:
В Ваши обязанности будет входить:
• Участие в разработке аналитических методик для контроля качества лекарственных форм – таблетки, капсулы, растворы (спектрометрия, хроматография, титрование, общие фармакопейные методы);
• Участие в разработке научно-технической документации (написание НД, СОП, спецификаций на сырье и материалы, разделов CTD в части своей компетенции);
• Участие в валидации процессов производства (в составе группы по валидации);
• Участие в трансфере аналитических методик (внутренний трансфер, трансфер от сторонних разработчиков, трансфер на контрактные производственные площадки);
• Аналитическое сопровождение фармацевтической разработки, в том числе: установление профиля примесей, количественного определения, растворения, исследование совместимости и стабильности в стрессовых условиях, в условиях ускоренных испытаний и долгосрочных испытаний;
• Проведение валидации аналитических методик;
• Навыки работы на аналитическом оборудовании – ВЭЖХ, ГХ, СФ и др. аналогичное оборудование.
Ждем от кандидата на эту роль:
• Высшее образование по специальностям химик/провизор/биохимик. Научная степень приветствуется;
• Опыт работы в должности химик-аналитика на фармацевтическом производстве, исследовательской лаборатории или в НИИ в должности научного сотрудника;
• Владение английским языком (В2) является преимуществом;
• Знание требований FDA и рекомендаций ICH к разработке лекарственных средств приветствуется;
• Опыт в проведении работ по валидации аналитических методик и составлению валидационных протоколов;
• Опыт работы на аналитическом оборудовании (ВЭЖХ, в том числе с масс-детектированием, ГХ, УФ и ИК спектрометры, Атомно-абсорбционный спектрометр, Капиллярный электрофорез, ионный хроматограф, автоматические титраторы и другое оборудование);
• Знание современных методов фармацевтического анализа и разработки по ГФ, USP, EP, ICH;
• Опыт разработки/доработки аналитических методов в т.ч. с нуля (по данным литературного поиска и существующим методикам);
• Теоретические и практические знания в аналитической химии, органической химии, фармацевтическом анализе.
Сеченовский Университет предлагает сотрудникам лучшие условия для реализации профессиональных компетенций:
• Оформление согласно ТК РФ;
• Адрес места работы: г. Москва, Нахимовский проспект, 45
• График работы пятидневка: 9:00-18:00;
• Обширные возможности профессионального развития, программы повышения квалификации и профессиональной переподготовки;
• Эксклюзивный электронный доступ к Федеральной электронной медицинской библиотеке, Центральной научной медицинской библиотеке и Фундаментальной учебной библиотеке Сеченовского Университета;
• Собственный офис поддержки грантовой активности, помощь в формировании заявок и получении грантов;
• Well being программы для сотрудников: отдых в собственном санатории «Звенигород», бесплатное посещение спортивного комплекса «Буревестник» (бассейн, тренажерный и спортивные залы, спортивные секции), корпоративные мероприятия для сотрудников и детей, корпоративные скидки в фитнесс-клубы;
• Забота о здоровье: оказание медицинской помощи и ежегодная диспансеризация в Клиническом Центре Сеченовского Университета;
• Профсоюз.
Станьте частью международной профессиональной команды Сеченовского Университета!",ФГАОУ ВО Первый МГМУ им. И. М. Сеченова Минздрава России (Сеченовский Университет),https://www.superjob.ru/vakansii/himik-analitik-50404183.html,140000,0,140000,Москва,Химик-аналитик
2025-02-13,нет,"Обязанности:
• Мониторить, проводить анализ и расследование операций Клиента по картам и счетам;
• Проводить служебные расследования в автоматизированных ПО Банка;
• Собирать и анализировать статистику;
• Выявлять новые виды мошенничества, а также участие в улучшении и доработке системы фрод-мониторинга.
Требования:
• Умение качественно работать с большим объемом информации, в том числе в MS Office Excel;
• Усидчивость, внимательность, ответственность, аккуратность;
• Знание основ банковского дела, экономики;
• Знание методов статистического анализа и умение их применять;
• Базовые знания банковских технологий.
Условия:
• Официальное оформление с первого рабочего дня;
• График работы 2/2 или 5/2;
• Бесплатный полис ДМС;
• Отдых летом на море и зимой на горнолыжных курортах при финансовой поддержке от Банка;
• Компенсацию расходов на абонемент в спортзал, детский отдых и изучение английского языка;
• Соц.программы по самым выгодным условиям от Банка: кредит, автокредит, страхование и другие банковские продукты;
• Финансовую поддержку от Банка в различных жизненных ситуациях;
• Участие в корпоративных забегах, турнирах по шахматам, футбольных и волейбольных матчах;
• Свободное общение с Руководством Банка: предлагай любые идеи и реализовывай интересные проекты;
• Путешествия по России, знакомства с новыми людьми, конкурсы и корпоративы – живи яркой корпоративной жизнью!",СОВКОМБАНК,https://obninsk.superjob.ru/vakansii/analitik-50406975.html,0,0,не указана,Обнинск,Аналитик (в отдел транзакционного антифрода)
2025-02-14,нет,"Обязанности:
• Управление ликвидностью в ТП 
• Контроль соблюдения условий договора с Банком России 7.Подготовка предложений по участию в проекте ""Функция РКЦ""
• Взаимодействие с Банком России 3.Оптимизация и автоматизация процессов 
• Управление эффективностью 5.Контроль соблюдения условий договора с Банком России.

Требования:
• Уверенный пользователь компьютера, коммуникабельность, опыт работы в кассовом направлении.",Банк ВТБ,https://nsk.superjob.ru/vakansii/ekspert-analitik-50407756.html,0,0,не указана,Новосибирск,Эксперт-аналитик
2025-02-14,нет,"Обязанности:
• Сбор, обработка и анализ данных из различных источников (базы данных, API, логи, внешние источники).
• Разработка и автоматизация отчётов, построение дашбордов.
• Формирование и проверка гипотез, проведение A/B-тестов.
• Выявление закономерностей, поиск инсайтов и подготовка аналитических выводов.
• Взаимодействие с командой разработки, продуктологами и маркетологами для принятия решений на основе данных.
• Оптимизация существующих процессов работы с данными.
Требования:
• Опыт работы аналитиком данных, BI-аналитиком или в смежной области от 1 года.
• Уверенное знание SQL (написание сложных запросов, работа с джойнами, оконными функциями).
• Опыт работы с инструментами визуализации (Tableau, Power BI, Metabase или аналогами).
• Понимание принципов A/B-тестирования и статистического анализа.
• Базовые навыки работы с Python (pandas, matplotlib, seaborn) для анализа данных.
• Навыки работы с большими объёмами данных и их оптимизации.
• Умение формулировать выводы на основе данных и объяснять их бизнес-команде.
Будет плюсом:
• Опыт работы с хранилищами данных (ClickHouse, BigQuery, Redshift).
• Опыт работы с BI-инструментами и построением аналитических витрин.
• Понимание машинного обучения или опыт работы с ML-моделями.
Условия:
• Удалённая или гибридная работа.
• Белая зарплата, обсуждается индивидуально.
• Работа в команде опытных аналитиков и data-специалистов.
• Возможность профессионального роста и развития.
• Доступ к обучению, конференциям и курсам.",Стажер СуперДжоб,https://rnd.superjob.ru/vakansii/analitik-dannyh-50408485.html,0,70000,70000,Ростов-на-Дону,Аналитик данных
2025-02-15,нет,"ЧЕМ ПРЕДСТОИТ ЗАНИМАТЬСЯ :
• Разработкой регламентирующих документов по профилю деятельности (описание технологий, способов промежуточного контроля и контроля результата, разработка метрик процесса)
• Созданием заявок на автоматизацию (разработкой новых и доработкой существующих информационных систем)
• Участием в реализации ИТ-проектов со стороны заказчика
• Моделированием численности предприятия: подготовкой нагрузочных моделей, хронометраж деятельности подразделений
• Разработкой обучающих материалов по действующим технологиям
• Участием в разработке новых продуктов предприятия
• Улучшением клиентского опыта
• Поиском ""узких мест"" и оптимизацией деятельности предприятия 

ВЫ НАМ ПОДХОДИТЕ, ЕСЛИ :
• Образование: высшее профессиональное
• Опыт работы: возможно трудоустройство без опыта работы с обучение в процессе производственной деятельности (6 месяцев)
• Предусмотрено входное тестирование по математике (уровень ЕГЭ)
• Работа на современном оборудовании в среде Lotus Notes, моделирование процессов осуществляется в ARIS, используемые нотации EPC и BPMN 2.0
 На данную позицию проводится обучение в течение 6 месяцев, с последующей выдачей диплома о профессиональной переподготовке
 
МЫ ПРЕДЛАГАЕМ :

• График работы: 5/2
• Стабильная официальная заработная плата (3 раза в месяц: оклад и премия)
• Оформление по ТК РФ
• Ежегодный медосмотр 
• Льготное корпоративное питание
• Компенсация фитнес-абонемента
• Оплачиваемый отпуск и оплата больничных листов
• Корпоративные мероприятия
• Программы лояльности от компаний-партнеров
Предприятия аэропорта Домодедово включены в список организаций, ведущих бронирование граждан, пребывающих в запасе. На всех Предприятиях ведется работа по оформлению бронирования работников.

МЕСТО РАБОТЫ: ТЕРРИТОРИЯ АЭРОПОРТА ДОМОДЕДОВО",Московский аэропорт Домодедово,https://www.superjob.ru/vakansii/biznes-analitik-45351371.html,80000,0,80000,Москва,Бизнес-аналитик
2025-02-11,нет,"Обязанности:
• осуществляет работу по внедрению системы «Авторасписание», поддерживает ее функционирование, составляет расписание, используя возможности системы; 
• осуществляет работу по функционированию системы АС «Нагрузка», вносит необходимые изменения в базу в течение учебного года;
• участвует в заполнении электронного расписания, размещенного на официальном сайте образовательной организации в информационно-телекоммуникационной сети «Интернет»;
• ведет ежемесячный учет выполнения бюджетной и внебюджетной учебной и другой педагогической нагрузки каждым преподавателем, совместителем;
• участвует в разработке положений, методических рекомендаций и других нормативных документов, регламентирующих организацию и обеспечение учебного процесса в институте
Требования:
• опыт работы в ВУЗе; 
• знание нормативной базы высшего образования;
• отличное владение компьютером 
Условия:
• испытательный срок - 3 месяца; 
• оформление в соответствии с ТК РФ;
• офис, оборудованное рабочее место;
• график работы: 5-дневная рабочая неделя, ПН-ЧТ 9:00-18:00, ПТ 9:00-16:45 (обед 13:15-14:00);
• социальные гарантии: ежегодный основной отпуск (28 календарных дней);
• оплачиваемый больничный лист;
• своевременные выплаты",Санкт-Петербургский государственный институт культуры,https://spb.superjob.ru/vakansii/veduschij-analitik-uchebno-organizacionnogo-otdela-49706672.html,45000,56000,45000,Санкт-Петербург,Ведущий аналитик учебно-организационного отдела
2025-02-15,нет,"Внимание - жилье и переезд компания не обеспечивает.
Обязанности:
· Организация и исполнение правильного и своевременного проведения лабораторных анализов;
· Приготовление растворов нужной концентрации;
· Обсчет и оформление результатов испытаний, ведение рабочей документации;
· Разработка и сопровождение методик определения металлов в разных средах;
· Ведение документации по расходу кислот и реактивов;
· Выезд в командировки для пуско-наладки оборудования и консультации персонала Заказчика по работе на поставляемом оборудовании.
Условия работы:
• Трудоустройство по ТК РФ (больничный, ежегодная индексация зарплаты, отпуск 28 дней) + Оплата проезда + Квартальные премии; 
• Помощь и поддержка на всех этапах работы;
• Место работы: Метро Ховрино, ул. Бусиновская горка, д.1, и Метро Алтуфьево, Алтуфьевское ш.,. 79Ас2;
• График работы: Пн. – Чт.: 8.30 - 17.30, Пт.: 8.30 - 15.00.
Требования:
• Образование: средне-специальное, высшее;
• Знакомство с атомно-абсорбционным методом определения металлов;
• Внимательность, аккуратность и ответственность;
• Возможность ездить в командировки по разным регионам РФ.",Союзцветметавтоматика им. Топчаева В. П.,https://www.superjob.ru/vakansii/veduschij-himik-analitik-49949649.html,70000,0,70000,Москва,Ведущий химик-аналитик
2025-02-14,нет,"Обязанности:
• Проведение простых и сложных анализов с применением средств измерения и испытательного оборудования по установленным методикам;
• Проведение подготовки проб пищевой и парфюмерно-косметической продукции в соответствии с методиками исследований;
• Приготовление растворов, построение градуировочных графиков, контроль стабильности градуировок;
• Подготовка лабораторного оборудования для выполнения испытаний/измерений;
• Проведение исследований продукции физико-химическими методами, рН-метрии, спектрометрии, флуориметрии, ГХ, ВЭЖХ, титриметрии, гравометрия и т.д.;
• Обработка и анализ полученных результатов
• Ведение всех сопутствующих журналов лаборатории
• Выполнение требований системы менеджмента качества испытательной лаборатории
• Участие во внутренних аудитах, ВЛК и МСИ, процедурах расширения области аккредитации и подтверждения компетентности испытательной лаборатории
• Испытания продукции проводятся на соответствии требований ТР ТС, ГОСТ, СанПиН.
Требования:
• Образование высшее, средне-профессиональное или дополнительное профессиональное образование;
• Опыт работы не менее 2 года;
• Практические навыки работы;
• Базовые знания аналитической химии;
• Владение методами статистической обработки результатов анализа;
• Опыт работы в аккредитованной лаборатории приветствуется (ЕСЛИ ЕСТЬ);
• Внимательность, исполнительность, желание развиваться;
• Уверенное владение ПК, Word, Excel;
• Пунктуальность;
• Ответственность;
• Способность к работе в режиме многозадачности.
Условия:
• Оформление строго по ТК РФ (оплачиваемый отпуск, больничный, фиксированный оклад);
• Ежеквартальные премии по итогам выполненных объемов работ;
• Карьерный рост;
• Предоставление Спецодежды, СИЗ;
• График работы: 5/2, пн.-чт.: 8-30/17-30, пятница с 8-30/17-00;
• Место работы: г. Москва, м. Молодежная, ул. Горбунова, д. 2. (15/20 минут от метро на общественном транспорте, или МЦД-1 ст. Сетунь - 5 минут пешим шагом);
• Рассмотрим кандидатов с небольшим опытом работы в химии.
• Наставничество от опытного специалиста!
• Мы будем рады, если Вы станете частью нашей Команды!",Международная Сертификационная компания Таможенного Союза,https://www.superjob.ru/vakansii/laborant-himik-50104861.html,60000,70000,60000,Москва,Лаборант-химик / Лаборант-аналитик
2025-02-11,нет,"Обязанности: 
• Сбор и анализ данных из информационных систем
• Подготовка и формирование оперативной отчётности
• Проведение мониторинга (подготовка, сбор, обработка, анализ) процессов планирования производства
• Внесение предложений по оптимизации процессов планирования производства
• Формирование требований к процессам для автоматизации
• Разработка технических заданий и постановка задач разработчикам
• Организация рабочих групп для выполнения поставленных задач
• Проверка результатов автоматизации процессов, участие в тестирование и доработке технических заданий
• Разработка инструкций и обучение пользователей
 
Требования:
• Высшее экономическое или техническое образование
• Опыт работы в производственной компании от 3-х лет
• Умение работать с большими массивами данных (сбор, обработка, анализ)
• Опыт работы с проектами, включая автоматизацию
• Навыки работы в ERP системах, уверенный пользователь Excel
• Активность и инициативность, аналитический склад ума, ориентированность на результат
 
Условия:
• Оформление в соответствии с ТК РФ, социальный пакет
• График работы 5/2
• Официальная белая заработная плата. Выплачивается своевременно, два раза в месяц
• Возможности профессионального роста и обучения
• Бесплатное питание в нашей корпоративной столовой
• Предоставляется бонусная карта на сумму 2000 рублей на продукцию в фирменных магазинах
• Шаговая доступность от метро Бутырская, ж/д платформы Останкино
• Поддержка семей с детьми-подарки к 1 сентября и Новому году, путевки в летние лагеря
• Корпоративный спорт",Останкинский мясоперерабатывающий холдинг,https://www.superjob.ru/vakansii/analitik-50361297.html,0,0,не указана,Москва,Аналитик
2025-02-11,нет,"Обязанности:
• Проведение медиа аудита (анализ эффективности закупки и планирования рекламного инвентаря в основных диджитал сегментах на этапе планирования и по факту размещения рекламных кампаний)
• Проверка выполнения гарантий по условиям сделок
• Письменная и устная коммуникация с клиентами и агентствами, запрос и сбор данных для аудита
• Ведение базы данных (интеграция данных, редактирование, своевременная актуализация) 
• Сравнительный анализ данных и формирование аудиторского заключения для заказчика в форматах MS pptx / MS excel
• Презентация результатов проведенного анализа заказчику 
Мы ожидаем:
• Опыт работы на позициях Digital Planner / Buyer / Manager не менее 2 лет. Предпочтение отдается сотрудникам с опытом работы в рекламных агентствах.
• Базовые знания по баингу и планированию интернет-кампаний различных типов рекламодателей. Базовые знания особенностей формирования стоимости размещения, влияния различных факторов на ценообразование.
• Опыт получения сертификатов Google / Yandex / VK и работы в соответствующих рекламных кабинетах
• Опыт работы с верификаторами данных (Weborama / Doubleclick / Adriver ) 
• Умение самостоятельно организовывать свой рабочий процесс и ответственно подходить к срокам исполнения проектов 
• Умение работать в режиме многозадачности 
• Участие в тендерных процедурах в качестве независимой третьей стороны и подготовкой рекомендацией для клиента-заказчика
• Сильные навыки тайм-менеджмента, дисциплинированность и ответственность
• Готовность работать с большим объемом данных
• Уверенное понимание рынка digital рекламы, сбор и подготовка аналитических заключений по актуальному состоянию отдельных сегментов Digital рынка
• Продвинутые навыки работы с Microsoft Оffice, в особенности Excel и PowerPoint
• Достаточные презентационные навыки
• Базовые знания английского языка 
• Навыки ведения деловой переписки и коммуникации с клиентами/подрядчиками
Условия:
• Место работы: Москва, м. Тульская
• Занятость: полная занятость – 5/2
• График работы: гибридная – офис/удаленная работа (по согласованию сторон)
• Оформление по ТК РФ;
• Обучение и поддержка при старте работы до 3 мес.
• Испытательный срок 3 месяца",РУСМЕДИААУДИТ,https://www.superjob.ru/vakansii/media-analitik-50361010.html,0,0,не указана,Москва,Медиа-аналитик (диджитал)
2025-02-11,нет,"Обязанности:
• Подготовка аналитических отчетов соблюдая сроки;
• План-факторный анализ данных;
• Формирование консолидированной управленческой отчетности;
• Бюджетирование, контроль внесения бюджетов в 1C, контроль внесения данных по обучающимся в 1C;
• Оценка текущего состояния финансов.
Требования:
• Хорошее знание Excel, умение работать с формулами и сводными таблицами;
• Высшее/неоконченное высшее экономическое образование;
• Желание развиваться и обучаться новому;
• Уверенный пользователь ПК;
• Умение структурировать и анализировать полученную информацию;
• Внимательность к деталям.
Условия:
• Офисный формат работы 5/2 с 9:00 до 18:00 (или с 10:00 до 19:00);
• Официальная заработная плата, стабильные выплаты 2 раза в месяц;
• Официальное оформление по ТК РФ с первого дня, оплата отпусков и больничных;
• Скидки на получение образования в нашем университете;
• Возможность получить уникальный опыт участия в крупных проектах;
• Место работы м. Сокол.",Образовательный холдинг СИНЕРГИЯ,https://www.superjob.ru/vakansii/ekonomist-analitik-50378552.html,0,0,не указана,Москва,Экономист-аналитик
2025-02-14,нет,"Мы — Группа Управляющих компаний. Большая дружелюбная команда профессионалов, искренне любящих свою работу. Успешно занимаемся управлением коммерческой недвижимостью, проектируем здания и сооружения, качественно эксплуатируем различные объекты, имеем собственное производство. Холдинг существует более 20 лет на рынке, и за это время мы успели себя зарекомендовать. Наш штат насчитывает более 600 сотрудников, и мы не планируем останавливаться на достигнутом.
В связи с расширением штата и потребностью в проведении автоматизации процессов на базе «1C:Документооборот», «1C:Управление холдингом», «1C:ERP Управление предприятием», приглашаем соискателей на вакансию Аналитика 1C ERP.
График работы: 5/2 c 09:00 до 18:00.
Формат: офис или гибрид.
Задачи должности:
• Сбор и формализация требований.
• Описание бизнес-процессов as-is/to be.
• Моделирование контрольных примеров.
• Постановка задач разработчикам.
• Контроль реализации, тестирование разработанного функционала.
• Разработка методических материалов для пользователей систем.
• Поддержка пользователей.
 
Требования:
• Опыт работы с 1C:ERP Управление предприятием, 1C:Управление холдингом, в роли аналитика или программиста.
• Опыт автоматизации процессов бюджетирования.
• Умение структурно излагать требования в задачах на разработку;
• Деловые качества: коммуникабельность, исполнительность, пунктуальность, умение работать в команде.
 
Плюсы работы в Группе Управляющих компаний:
• Официальное трудоустройство по ТК РФ, полностью белая з/п.
• Оплачиваемый корпоративный ДМС с широким выбором медицинских учреждений.
• Денежные премии за активное и успешное участие в проектах.
• Стабильное развитие компании на рынке более 20-ти лет.
• Возможность выбора удобного формата работы (офис или гибрид).
• Опытные наставники, которые с радостью помогут вам в адаптации.
• Большой, дружный коллектив.
• Корпоративная связь и интернет.
• Комфортные офисы и производственные помещения.
• Чай/кофе для работников в помещениях для отдыха.
• Столовая.
• Возможность пройти дополнительное обучение, курсы по вашему направлению.
• Работа в 10 минутах пешком от станции метро ""Бухарестская"".
 
Присоединяйся к нашей команде!",Группа Управляющих компаний,https://spb.superjob.ru/vakansii/analitik-1c-erp-50387689.html,200000,220000,200000,Санкт-Петербург,Аналитик 1C ERP
2025-02-16,нет,"Министерство здравоохранения Московской области приглашает на работу Экономиста (внутренний грэйд - Главный аналитик) отдела обеспечения финансово-хозяйственной деятельности и выполнения государственных заданий
Условия:
• Оформление по ТК РФ
• График работы - 5/2 с 9 до 18:00 с присутствием в офисе
• Место работы - комплекс зданий дома правительства Московской области (м. Мякинино - шаговая доступность, м. Тушинская - 15 минут на автобусе)
• Заработная плата - в среднем в месяц по году - 100 000 руб. после вычета налога (ежемесячная выплата+квартальные премии+разовые выплаты к отпуску).
Обязанности:
• анализ финансово-хозяйственной деятельности подведомственных организаций (логический контроль)
• оценка показателей деятельности подведомственных организаций (по критериям оценки);
• подготовка необходимых аналитических, методических, информационных материалов и установленной статистической отчётности;
• подготовка презентационного материала к совещаниям по работе подведомственных организаций;
• работа с объемными базами данных, свод баз данных, анализ и сверка
Требования:
• Оконченное высшее образование (финансы, экономика)
• Опыт работы в гос. секторе (желательно в системе здравоохранения) экономистом не менее 2 лет обязателен
• Владение Microsoft Excel на уровне уверенного пользователя (свод и обработка данных)",ГКУ МО Центр внедрения изменений Министерства здравоохранения Московской области,https://www.superjob.ru/vakansii/glavnyj-analitik-ekonomist-50394279.html,100000,0,100000,Москва,Главный аналитик-экономист
2025-02-16,нет,"КП «УГС» — одна из ведущих строительных организаций столицы, входящих в градостроительный комплекс города Москвы. С 2012 года введено более 600 объектов жилой застройки, объектов образования, административного назначения, культуры и спорта, из них такие знаковые объекты, как, Парк «Зарядье», ММКЦ «Коммунарка», Кластер «Ломоносов», микрорайон на Береговом, Некрасовка.
Для решения этих задач нам требуется Ведущий специалист-аналитик. 
 Готовы предложить кандидату:
• Отличный коллектив: если у тебя недостаточно опыта работы или его пока нет — наши наставники помогут в освоении новых навыков;
• Официальное оформление по ТК РФ, график работы: с 09:00 до 18:00 (понедельник – пятница);
• Перспективы карьерного роста в направлении аналитической работы;
• Прозрачный доход: белая заработная плата, доплата за стаж после 1 года работы.
• Комфортный офис: 7 минут пешком от метро м. Новослободская, рабочие места, оборудованные современной техникой и всем необходимым, WIFI, оборудованные кухонные зоны, столовая и много разных кафе в здании, Делегатский парк в непосредственной близости к офису;
• Возможности градостроительного комплекса:
• повышение квалификации: корпоративное обучение – soft skills, и освоение новых направлений
• корпоративные скидки для покупки ДМС, фитнес, курсы английского, Яндекс практикум, студия рисования, книжные магазины;
• корпоративный спорт, гонка героев, киноклуб, вечера настольных игр;
• сервис психологической и юридической поддержки.
Обязанности:
• Работа с базами данных, контроль заполнения информации по статусам объектов;
• Взаимодействие с работниками структурных подразделений и городских структур по вопросам, входящим в компетенцию;
• Ведение деловой переписки по вопросам реализации строительства и ввода объектов;
• Подготовка аналитических справок/материалов к совещаниям/цикличных и разовых отчетов;
• Работа в Excel, Power Point.
Мы ищем кандидата, который уверенно работает с Excel и может применить базовые принципы аналитической работы для успешного решения поставленных задач. 
• Высшее образование или студенты последних курсов (Статистика/ Информатика/ Экономика/ Строительство/ Программирование, Менеджмент);
• Знание основ сводно-аналитической работы;
• Работа с MS Office (Excel, Power Point);
• Опыт работы в ЕИС «Мосгорзаказ» будет преимуществом. Не работали — научим!",КП Управление гражданского строительства,https://www.superjob.ru/vakansii/veduschij-specialist-analitik-50374532.html,74020,0,74020,Москва,"Ведущий специалист-аналитик, эксперт по анализу данных"
2025-02-17,нет,"На данный момент мы находимся в поисках Главного аналитика в отдел прогнозирования и мониторинга налоговых доходов.
Чем предстоит заниматься:
• Осуществлять факторный анализ влияния изменения экономических показателей на доходы бюджета
• Осуществлять разработку и проведение экспертизы проектов НПА
• Анализировать показатели ФХД организаций
• Анализировать базы данных по налогоплательщикам
• Готовить презентации
Нам важно:
• Высшее образование (финансы, экономика, бухгалтерия)
• Знания бюджетного и налогового законодательств
• Уверенный пользователь MS word, excel, power point – экспертный уровень
• Грамотная письменная и устная речь
• Умение анализировать базы данных и структурировать информацию
• Умение быстро вникать в суть задачи
Мы предлагаем:
• Работа в офисе - ст.м.Мякинино, г.Красногорск, Бульвар Строителей д.1 (Дом Правительства Московской области, 10 минут от метро пешком)
• График работы - пн/чтв, с 09:00-18:00, пт - до 16:45, (готовность задержаться при необходимости)
• ЗП: оклад + квартальная премия + полугодовая выплата к отпуску + годовая премия
• Официальное оформление и выплаты
• Реальные возможности для карьерного и профессионального роста в рамках организации","ГКУ МО ""Централизованная бухгалтерия Московской области""",https://www.superjob.ru/vakansii/analitik-50408105.html,0,0,не указана,Москва,Аналитик (отдел неналоговых доходов)
